NORAD ID,TRACK ID,D,F,L,M,P,R
1863,5142173,D:\BITS\3rd Year\Study Project\Space Debris Characterization\MMT-9 Fetch Data\data\mmt9\1863\5142173\5142173_D.png,D:\BITS\3rd Year\Study Project\Space Debris Characterization\MMT-9 Fetch Data\data\mmt9\1863\5142173\5142173_F.png,D:\BITS\3rd Year\Study Project\Space Debris Characterization\MMT-9 Fetch Data\data\mmt9\1863\5142173\5142173_L.png,D:\BITS\3rd Year\Study Project\Space Debris Characterization\MMT-9 Fetch Data\data\mmt9\1863\5142173\5142173_M.png,D:\BITS\3rd Year\Study Project\Space Debris Characterization\MMT-9 Fetch Data\data\mmt9\1863\5142173\5142173_P.png,D:\BITS\3rd Year\Study Project\Space Debris Characterization\MMT-9 Fetch Data\data\mmt9\1863\5142173\5142173_R.png
1863,10198570,D:\BITS\3rd Year\Study Project\Space Debris Characterization\MMT-9 Fetch Data\data\mmt9\1863\10198570\10198570_D.png,D:\BITS\3rd Year\Study Project\Space Debris Characterization\MMT-9 Fetch Data\data\mmt9\1863\10198570\10198570_F.png,D:\BITS\3rd Year\Study Project\Space Debris Characterization\MMT-9 Fetch Data\data\mmt9\1863\10198570\10198570_L.png,D:\BITS\3rd Year\Study Project\Space Debris Characterization\MMT-9 Fetch Data\data\mmt9\1863\10198570\10198570_M.png,D:\BITS\3rd Year\Study Project\Space Debris Characterization\MMT-9 Fetch Data\data\mmt9\1863\10198570\10198570_P.png,D:\BITS\3rd Year\Study Project\Space Debris Characterization\MMT-9 Fetch Data\data\mmt9\1863\10198570\10198570_R.png
1863,10232132,D:\BITS\3rd Year\Study Project\Space Debris Characterization\MMT-9 Fetch Data\data\mmt9\1863\10232132\10232132_D.png,D:\BITS\3rd Year\Study Project\Space Debris Characterization\MMT-9 Fetch Data\data\mmt9\1863\10232132\10232132_F.png,D:\BITS\3rd Year\Study Project\Space Debris Characterization\MMT-9 Fetch Data\data\mmt9\1863\10232132\10232132_L.png,D:\BITS\3rd Year\Study Project\Space Debris Characterization\MMT-9 Fetch Data\data\mmt9\1863\10232132\10232132_M.png,D:\BITS\3rd Year\Study Project\Space Debris Characterization\MMT-9 Fetch Data\data\mmt9\1863\10232132\10232132_P.png,D:\BITS\3rd Year\Study Project\Space Debris Characterization\MMT-9 Fetch Data\data\mmt9\1863\10232132\10232132_R.png
1863,10589004,D:\BITS\3rd Year\Study Project\Space Debris Characterization\MMT-9 Fetch Data\data\mmt9\1863\10589004\10589004_D.png,D:\BITS\3rd Year\Study Project\Space Debris Characterization\MMT-9 Fetch Data\data\mmt9\1863\10589004\10589004_F.png,D:\BITS\3rd Year\Study Project\Space Debris Characterization\MMT-9 Fetch Data\data\mmt9\1863\10589004\10589004_L.png,D:\BITS\3rd Year\Study Project\Space Debris Characterization\MMT-9 Fetch Data\data\mmt9\1863\10589004\10589004_M.png,D:\BITS\3rd Year\Study Project\Space Debris Characterization\MMT-9 Fetch Data\data\mmt9\1863\10589004\10589004_P.png,D:\BITS\3rd Year\Study Project\Space Debris Characterization\MMT-9 Fetch Data\data\mmt9\1863\10589004\10589004_R.png
1863,10596848,D:\BITS\3rd Year\Study Project\Space Debris Characterization\MMT-9 Fetch Data\data\mmt9\1863\10596848\10596848_D.png,D:\BITS\3rd Year\Study Project\Space Debris Characterization\MMT-9 Fetch Data\data\mmt9\1863\10596848\10596848_F.png,D:\BITS\3rd Year\Study Project\Space Debris Characterization\MMT-9 Fetch Data\data\mmt9\1863\10596848\10596848_L.png,D:\BITS\3rd Year\Study Project\Space Debris Characterization\MMT-9 Fetch Data\data\mmt9\1863\10596848\10596848_M.png,D:\BITS\3rd Year\Study Project\Space Debris Characterization\MMT-9 Fetch Data\data\mmt9\1863\10596848\10596848_P.png,D:\BITS\3rd Year\Study Project\Space Debris Characterization\MMT-9 Fetch Data\data\mmt9\1863\10596848\10596848_R.png
1863,13093502,D:\BITS\3rd Year\Study Project\Space Debris Characterization\MMT-9 Fetch Data\data\mmt9\1863\13093502\13093502_D.png,D:\BITS\3rd Year\Study Project\Space Debris Characterization\MMT-9 Fetch Data\data\mmt9\1863\13093502\13093502_F.png,D:\BITS\3rd Year\Study Project\Space Debris Characterization\MMT-9 Fetch Data\data\mmt9\1863\13093502\13093502_L.png,D:\BITS\3rd Year\Study Project\Space Debris Characterization\MMT-9 Fetch Data\data\mmt9\1863\13093502\13093502_M.png,D:\BITS\3rd Year\Study Project\Space Debris Characterization\MMT-9 Fetch Data\data\mmt9\1863\13093502\13093502_P.png,D:\BITS\3rd Year\Study Project\Space Debris Characterization\MMT-9 Fetch Data\data\mmt9\1863\13093502\13093502_R.png
1863,13109323,D:\BITS\3rd Year\Study Project\Space Debris Characterization\MMT-9 Fetch Data\data\mmt9\1863\13109323\13109323_D.png,D:\BITS\3rd Year\Study Project\Space Debris Characterization\MMT-9 Fetch Data\data\mmt9\1863\13109323\13109323_F.png,D:\BITS\3rd Year\Study Project\Space Debris Characterization\MMT-9 Fetch Data\data\mmt9\1863\13109323\13109323_L.png,D:\BITS\3rd Year\Study Project\Space Debris Characterization\MMT-9 Fetch Data\data\mmt9\1863\13109323\13109323_M.png,D:\BITS\3rd Year\Study Project\Space Debris Characterization\MMT-9 Fetch Data\data\mmt9\1863\13109323\13109323_P.png,D:\BITS\3rd Year\Study Project\Space Debris Characterization\MMT-9 Fetch Data\data\mmt9\1863\13109323\13109323_R.png
1863,13131661,D:\BITS\3rd Year\Study Project\Space Debris Characterization\MMT-9 Fetch Data\data\mmt9\1863\13131661\13131661_D.png,D:\BITS\3rd Year\Study Project\Space Debris Characterization\MMT-9 Fetch Data\data\mmt9\1863\13131661\13131661_F.png,D:\BITS\3rd Year\Study Project\Space Debris Characterization\MMT-9 Fetch Data\data\mmt9\1863\13131661\13131661_L.png,D:\BITS\3rd Year\Study Project\Space Debris Characterization\MMT-9 Fetch Data\data\mmt9\1863\13131661\13131661_M.png,D:\BITS\3rd Year\Study Project\Space Debris Characterization\MMT-9 Fetch Data\data\mmt9\1863\13131661\13131661_P.png,D:\BITS\3rd Year\Study Project\Space Debris Characterization\MMT-9 Fetch Data\data\mmt9\1863\13131661\13131661_R.png
1863,13194569,D:\BITS\3rd Year\Study Project\Space Debris Characterization\MMT-9 Fetch Data\data\mmt9\1863\13194569\13194569_D.png,D:\BITS\3rd Year\Study Project\Space Debris Characterization\MMT-9 Fetch Data\data\mmt9\1863\13194569\13194569_F.png,D:\BITS\3rd Year\Study Project\Space Debris Characterization\MMT-9 Fetch Data\data\mmt9\1863\13194569\13194569_L.png,D:\BITS\3rd Year\Study Project\Space Debris Characterization\MMT-9 Fetch Data\data\mmt9\1863\13194569\13194569_M.png,D:\BITS\3rd Year\Study Project\Space Debris Characterization\MMT-9 Fetch Data\data\mmt9\1863\13194569\13194569_P.png,D:\BITS\3rd Year\Study Project\Space Debris Characterization\MMT-9 Fetch Data\data\mmt9\1863\13194569\13194569_R.png
1863,13259133,D:\BITS\3rd Year\Study Project\Space Debris Characterization\MMT-9 Fetch Data\data\mmt9\1863\13259133\13259133_D.png,D:\BITS\3rd Year\Study Project\Space Debris Characterization\MMT-9 Fetch Data\data\mmt9\1863\13259133\13259133_F.png,D:\BITS\3rd Year\Study Project\Space Debris Characterization\MMT-9 Fetch Data\data\mmt9\1863\13259133\13259133_L.png,D:\BITS\3rd Year\Study Project\Space Debris Characterization\MMT-9 Fetch Data\data\mmt9\1863\13259133\13259133_M.png,D:\BITS\3rd Year\Study Project\Space Debris Characterization\MMT-9 Fetch Data\data\mmt9\1863\13259133\13259133_P.png,D:\BITS\3rd Year\Study Project\Space Debris Characterization\MMT-9 Fetch Data\data\mmt9\1863\13259133\13259133_R.png
1863,14217405,D:\BITS\3rd Year\Study Project\Space Debris Characterization\MMT-9 Fetch Data\data\mmt9\1863\14217405\14217405_D.png,D:\BITS\3rd Year\Study Project\Space Debris Characterization\MMT-9 Fetch Data\data\mmt9\1863\14217405\14217405_F.png,D:\BITS\3rd Year\Study Project\Space Debris Characterization\MMT-9 Fetch Data\data\mmt9\1863\14217405\14217405_L.png,D:\BITS\3rd Year\Study Project\Space Debris Characterization\MMT-9 Fetch Data\data\mmt9\1863\14217405\14217405_M.png,D:\BITS\3rd Year\Study Project\Space Debris Characterization\MMT-9 Fetch Data\data\mmt9\1863\14217405\14217405_P.png,D:\BITS\3rd Year\Study Project\Space Debris Characterization\MMT-9 Fetch Data\data\mmt9\1863\14217405\14217405_R.png
1863,16099640,D:\BITS\3rd Year\Study Project\Space Debris Characterization\MMT-9 Fetch Data\data\mmt9\1863\16099640\16099640_D.png,D:\BITS\3rd Year\Study Project\Space Debris Characterization\MMT-9 Fetch Data\data\mmt9\1863\16099640\16099640_F.png,D:\BITS\3rd Year\Study Project\Space Debris Characterization\MMT-9 Fetch Data\data\mmt9\1863\16099640\16099640_L.png,D:\BITS\3rd Year\Study Project\Space Debris Characterization\MMT-9 Fetch Data\data\mmt9\1863\16099640\16099640_M.png,D:\BITS\3rd Year\Study Project\Space Debris Characterization\MMT-9 Fetch Data\data\mmt9\1863\16099640\16099640_P.png,D:\BITS\3rd Year\Study Project\Space Debris Characterization\MMT-9 Fetch Data\data\mmt9\1863\16099640\16099640_R.png
1863,17124285,D:\BITS\3rd Year\Study Project\Space Debris Characterization\MMT-9 Fetch Data\data\mmt9\1863\17124285\17124285_D.png,D:\BITS\3rd Year\Study Project\Space Debris Characterization\MMT-9 Fetch Data\data\mmt9\1863\17124285\17124285_F.png,D:\BITS\3rd Year\Study Project\Space Debris Characterization\MMT-9 Fetch Data\data\mmt9\1863\17124285\17124285_L.png,D:\BITS\3rd Year\Study Project\Space Debris Characterization\MMT-9 Fetch Data\data\mmt9\1863\17124285\17124285_M.png,D:\BITS\3rd Year\Study Project\Space Debris Characterization\MMT-9 Fetch Data\data\mmt9\1863\17124285\17124285_P.png,D:\BITS\3rd Year\Study Project\Space Debris Characterization\MMT-9 Fetch Data\data\mmt9\1863\17124285\17124285_R.png
1863,18640465,D:\BITS\3rd Year\Study Project\Space Debris Characterization\MMT-9 Fetch Data\data\mmt9\1863\18640465\18640465_D.png,D:\BITS\3rd Year\Study Project\Space Debris Characterization\MMT-9 Fetch Data\data\mmt9\1863\18640465\18640465_F.png,D:\BITS\3rd Year\Study Project\Space Debris Characterization\MMT-9 Fetch Data\data\mmt9\1863\18640465\18640465_L.png,D:\BITS\3rd Year\Study Project\Space Debris Characterization\MMT-9 Fetch Data\data\mmt9\1863\18640465\18640465_M.png,D:\BITS\3rd Year\Study Project\Space Debris Characterization\MMT-9 Fetch Data\data\mmt9\1863\18640465\18640465_P.png,D:\BITS\3rd Year\Study Project\Space Debris Characterization\MMT-9 Fetch Data\data\mmt9\1863\18640465\18640465_R.png
1863,18645304,D:\BITS\3rd Year\Study Project\Space Debris Characterization\MMT-9 Fetch Data\data\mmt9\1863\18645304\18645304_D.png,D:\BITS\3rd Year\Study Project\Space Debris Characterization\MMT-9 Fetch Data\data\mmt9\1863\18645304\18645304_F.png,D:\BITS\3rd Year\Study Project\Space Debris Characterization\MMT-9 Fetch Data\data\mmt9\1863\18645304\18645304_L.png,D:\BITS\3rd Year\Study Project\Space Debris Characterization\MMT-9 Fetch Data\data\mmt9\1863\18645304\18645304_M.png,D:\BITS\3rd Year\Study Project\Space Debris Characterization\MMT-9 Fetch Data\data\mmt9\1863\18645304\18645304_P.png,D:\BITS\3rd Year\Study Project\Space Debris Characterization\MMT-9 Fetch Data\data\mmt9\1863\18645304\18645304_R.png
1863,19209878,D:\BITS\3rd Year\Study Project\Space Debris Characterization\MMT-9 Fetch Data\data\mmt9\1863\19209878\19209878_D.png,D:\BITS\3rd Year\Study Project\Space Debris Characterization\MMT-9 Fetch Data\data\mmt9\1863\19209878\19209878_F.png,D:\BITS\3rd Year\Study Project\Space Debris Characterization\MMT-9 Fetch Data\data\mmt9\1863\19209878\19209878_L.png,D:\BITS\3rd Year\Study Project\Space Debris Characterization\MMT-9 Fetch Data\data\mmt9\1863\19209878\19209878_M.png,D:\BITS\3rd Year\Study Project\Space Debris Characterization\MMT-9 Fetch Data\data\mmt9\1863\19209878\19209878_P.png,D:\BITS\3rd Year\Study Project\Space Debris Characterization\MMT-9 Fetch Data\data\mmt9\1863\19209878\19209878_R.png
1863,20420554,D:\BITS\3rd Year\Study Project\Space Debris Characterization\MMT-9 Fetch Data\data\mmt9\1863\20420554\20420554_D.png,D:\BITS\3rd Year\Study Project\Space Debris Characterization\MMT-9 Fetch Data\data\mmt9\1863\20420554\20420554_F.png,D:\BITS\3rd Year\Study Project\Space Debris Characterization\MMT-9 Fetch Data\data\mmt9\1863\20420554\20420554_L.png,D:\BITS\3rd Year\Study Project\Space Debris Characterization\MMT-9 Fetch Data\data\mmt9\1863\20420554\20420554_M.png,D:\BITS\3rd Year\Study Project\Space Debris Characterization\MMT-9 Fetch Data\data\mmt9\1863\20420554\20420554_P.png,D:\BITS\3rd Year\Study Project\Space Debris Characterization\MMT-9 Fetch Data\data\mmt9\1863\20420554\20420554_R.png
1863,20754789,D:\BITS\3rd Year\Study Project\Space Debris Characterization\MMT-9 Fetch Data\data\mmt9\1863\20754789\20754789_D.png,D:\BITS\3rd Year\Study Project\Space Debris Characterization\MMT-9 Fetch Data\data\mmt9\1863\20754789\20754789_F.png,D:\BITS\3rd Year\Study Project\Space Debris Characterization\MMT-9 Fetch Data\data\mmt9\1863\20754789\20754789_L.png,D:\BITS\3rd Year\Study Project\Space Debris Characterization\MMT-9 Fetch Data\data\mmt9\1863\20754789\20754789_M.png,D:\BITS\3rd Year\Study Project\Space Debris Characterization\MMT-9 Fetch Data\data\mmt9\1863\20754789\20754789_P.png,D:\BITS\3rd Year\Study Project\Space Debris Characterization\MMT-9 Fetch Data\data\mmt9\1863\20754789\20754789_R.png
1863,25465546,D:\BITS\3rd Year\Study Project\Space Debris Characterization\MMT-9 Fetch Data\data\mmt9\1863\25465546\25465546_D.png,D:\BITS\3rd Year\Study Project\Space Debris Characterization\MMT-9 Fetch Data\data\mmt9\1863\25465546\25465546_F.png,D:\BITS\3rd Year\Study Project\Space Debris Characterization\MMT-9 Fetch Data\data\mmt9\1863\25465546\25465546_L.png,D:\BITS\3rd Year\Study Project\Space Debris Characterization\MMT-9 Fetch Data\data\mmt9\1863\25465546\25465546_M.png,D:\BITS\3rd Year\Study Project\Space Debris Characterization\MMT-9 Fetch Data\data\mmt9\1863\25465546\25465546_P.png,D:\BITS\3rd Year\Study Project\Space Debris Characterization\MMT-9 Fetch Data\data\mmt9\1863\25465546\25465546_R.png
1863,25589793,D:\BITS\3rd Year\Study Project\Space Debris Characterization\MMT-9 Fetch Data\data\mmt9\1863\25589793\25589793_D.png,D:\BITS\3rd Year\Study Project\Space Debris Characterization\MMT-9 Fetch Data\data\mmt9\1863\25589793\25589793_F.png,D:\BITS\3rd Year\Study Project\Space Debris Characterization\MMT-9 Fetch Data\data\mmt9\1863\25589793\25589793_L.png,D:\BITS\3rd Year\Study Project\Space Debris Characterization\MMT-9 Fetch Data\data\mmt9\1863\25589793\25589793_M.png,D:\BITS\3rd Year\Study Project\Space Debris Characterization\MMT-9 Fetch Data\data\mmt9\1863\25589793\25589793_P.png,D:\BITS\3rd Year\Study Project\Space Debris Characterization\MMT-9 Fetch Data\data\mmt9\1863\25589793\25589793_R.png
1863,25750305,D:\BITS\3rd Year\Study Project\Space Debris Characterization\MMT-9 Fetch Data\data\mmt9\1863\25750305\25750305_D.png,D:\BITS\3rd Year\Study Project\Space Debris Characterization\MMT-9 Fetch Data\data\mmt9\1863\25750305\25750305_F.png,D:\BITS\3rd Year\Study Project\Space Debris Characterization\MMT-9 Fetch Data\data\mmt9\1863\25750305\25750305_L.png,D:\BITS\3rd Year\Study Project\Space Debris Characterization\MMT-9 Fetch Data\data\mmt9\1863\25750305\25750305_M.png,D:\BITS\3rd Year\Study Project\Space Debris Characterization\MMT-9 Fetch Data\data\mmt9\1863\25750305\25750305_P.png,D:\BITS\3rd Year\Study Project\Space Debris Characterization\MMT-9 Fetch Data\data\mmt9\1863\25750305\25750305_R.png
1863,26064192,D:\BITS\3rd Year\Study Project\Space Debris Characterization\MMT-9 Fetch Data\data\mmt9\1863\26064192\26064192_D.png,D:\BITS\3rd Year\Study Project\Space Debris Characterization\MMT-9 Fetch Data\data\mmt9\1863\26064192\26064192_F.png,D:\BITS\3rd Year\Study Project\Space Debris Characterization\MMT-9 Fetch Data\data\mmt9\1863\26064192\26064192_L.png,D:\BITS\3rd Year\Study Project\Space Debris Characterization\MMT-9 Fetch Data\data\mmt9\1863\26064192\26064192_M.png,D:\BITS\3rd Year\Study Project\Space Debris Characterization\MMT-9 Fetch Data\data\mmt9\1863\26064192\26064192_P.png,D:\BITS\3rd Year\Study Project\Space Debris Characterization\MMT-9 Fetch Data\data\mmt9\1863\26064192\26064192_R.png
1863,26077728,D:\BITS\3rd Year\Study Project\Space Debris Characterization\MMT-9 Fetch Data\data\mmt9\1863\26077728\26077728_D.png,D:\BITS\3rd Year\Study Project\Space Debris Characterization\MMT-9 Fetch Data\data\mmt9\1863\26077728\26077728_F.png,D:\BITS\3rd Year\Study Project\Space Debris Characterization\MMT-9 Fetch Data\data\mmt9\1863\26077728\26077728_L.png,D:\BITS\3rd Year\Study Project\Space Debris Characterization\MMT-9 Fetch Data\data\mmt9\1863\26077728\26077728_M.png,D:\BITS\3rd Year\Study Project\Space Debris Characterization\MMT-9 Fetch Data\data\mmt9\1863\26077728\26077728_P.png,D:\BITS\3rd Year\Study Project\Space Debris Characterization\MMT-9 Fetch Data\data\mmt9\1863\26077728\26077728_R.png
1863,26584465,D:\BITS\3rd Year\Study Project\Space Debris Characterization\MMT-9 Fetch Data\data\mmt9\1863\26584465\26584465_D.png,D:\BITS\3rd Year\Study Project\Space Debris Characterization\MMT-9 Fetch Data\data\mmt9\1863\26584465\26584465_F.png,D:\BITS\3rd Year\Study Project\Space Debris Characterization\MMT-9 Fetch Data\data\mmt9\1863\26584465\26584465_L.png,D:\BITS\3rd Year\Study Project\Space Debris Characterization\MMT-9 Fetch Data\data\mmt9\1863\26584465\26584465_M.png,D:\BITS\3rd Year\Study Project\Space Debris Characterization\MMT-9 Fetch Data\data\mmt9\1863\26584465\26584465_P.png,D:\BITS\3rd Year\Study Project\Space Debris Characterization\MMT-9 Fetch Data\data\mmt9\1863\26584465\26584465_R.png
1863,26631424,D:\BITS\3rd Year\Study Project\Space Debris Characterization\MMT-9 Fetch Data\data\mmt9\1863\26631424\26631424_D.png,D:\BITS\3rd Year\Study Project\Space Debris Characterization\MMT-9 Fetch Data\data\mmt9\1863\26631424\26631424_F.png,D:\BITS\3rd Year\Study Project\Space Debris Characterization\MMT-9 Fetch Data\data\mmt9\1863\26631424\26631424_L.png,D:\BITS\3rd Year\Study Project\Space Debris Characterization\MMT-9 Fetch Data\data\mmt9\1863\26631424\26631424_M.png,D:\BITS\3rd Year\Study Project\Space Debris Characterization\MMT-9 Fetch Data\data\mmt9\1863\26631424\26631424_P.png,D:\BITS\3rd Year\Study Project\Space Debris Characterization\MMT-9 Fetch Data\data\mmt9\1863\26631424\26631424_R.png
1863,26648669,D:\BITS\3rd Year\Study Project\Space Debris Characterization\MMT-9 Fetch Data\data\mmt9\1863\26648669\26648669_D.png,D:\BITS\3rd Year\Study Project\Space Debris Characterization\MMT-9 Fetch Data\data\mmt9\1863\26648669\26648669_F.png,D:\BITS\3rd Year\Study Project\Space Debris Characterization\MMT-9 Fetch Data\data\mmt9\1863\26648669\26648669_L.png,D:\BITS\3rd Year\Study Project\Space Debris Characterization\MMT-9 Fetch Data\data\mmt9\1863\26648669\26648669_M.png,D:\BITS\3rd Year\Study Project\Space Debris Characterization\MMT-9 Fetch Data\data\mmt9\1863\26648669\26648669_P.png,D:\BITS\3rd Year\Study Project\Space Debris Characterization\MMT-9 Fetch Data\data\mmt9\1863\26648669\26648669_R.png
1863,26948220,D:\BITS\3rd Year\Study Project\Space Debris Characterization\MMT-9 Fetch Data\data\mmt9\1863\26948220\26948220_D.png,D:\BITS\3rd Year\Study Project\Space Debris Characterization\MMT-9 Fetch Data\data\mmt9\1863\26948220\26948220_F.png,D:\BITS\3rd Year\Study Project\Space Debris Characterization\MMT-9 Fetch Data\data\mmt9\1863\26948220\26948220_L.png,D:\BITS\3rd Year\Study Project\Space Debris Characterization\MMT-9 Fetch Data\data\mmt9\1863\26948220\26948220_M.png,D:\BITS\3rd Year\Study Project\Space Debris Characterization\MMT-9 Fetch Data\data\mmt9\1863\26948220\26948220_P.png,D:\BITS\3rd Year\Study Project\Space Debris Characterization\MMT-9 Fetch Data\data\mmt9\1863\26948220\26948220_R.png
1863,27657385,D:\BITS\3rd Year\Study Project\Space Debris Characterization\MMT-9 Fetch Data\data\mmt9\1863\27657385\27657385_D.png,D:\BITS\3rd Year\Study Project\Space Debris Characterization\MMT-9 Fetch Data\data\mmt9\1863\27657385\27657385_F.png,D:\BITS\3rd Year\Study Project\Space Debris Characterization\MMT-9 Fetch Data\data\mmt9\1863\27657385\27657385_L.png,D:\BITS\3rd Year\Study Project\Space Debris Characterization\MMT-9 Fetch Data\data\mmt9\1863\27657385\27657385_M.png,D:\BITS\3rd Year\Study Project\Space Debris Characterization\MMT-9 Fetch Data\data\mmt9\1863\27657385\27657385_P.png,D:\BITS\3rd Year\Study Project\Space Debris Characterization\MMT-9 Fetch Data\data\mmt9\1863\27657385\27657385_R.png
1863,28095156,D:\BITS\3rd Year\Study Project\Space Debris Characterization\MMT-9 Fetch Data\data\mmt9\1863\28095156\28095156_D.png,D:\BITS\3rd Year\Study Project\Space Debris Characterization\MMT-9 Fetch Data\data\mmt9\1863\28095156\28095156_F.png,D:\BITS\3rd Year\Study Project\Space Debris Characterization\MMT-9 Fetch Data\data\mmt9\1863\28095156\28095156_L.png,D:\BITS\3rd Year\Study Project\Space Debris Characterization\MMT-9 Fetch Data\data\mmt9\1863\28095156\28095156_M.png,D:\BITS\3rd Year\Study Project\Space Debris Characterization\MMT-9 Fetch Data\data\mmt9\1863\28095156\28095156_P.png,D:\BITS\3rd Year\Study Project\Space Debris Characterization\MMT-9 Fetch Data\data\mmt9\1863\28095156\28095156_R.png
1863,28137412,D:\BITS\3rd Year\Study Project\Space Debris Characterization\MMT-9 Fetch Data\data\mmt9\1863\28137412\28137412_D.png,D:\BITS\3rd Year\Study Project\Space Debris Characterization\MMT-9 Fetch Data\data\mmt9\1863\28137412\28137412_F.png,D:\BITS\3rd Year\Study Project\Space Debris Characterization\MMT-9 Fetch Data\data\mmt9\1863\28137412\28137412_L.png,D:\BITS\3rd Year\Study Project\Space Debris Characterization\MMT-9 Fetch Data\data\mmt9\1863\28137412\28137412_M.png,D:\BITS\3rd Year\Study Project\Space Debris Characterization\MMT-9 Fetch Data\data\mmt9\1863\28137412\28137412_P.png,D:\BITS\3rd Year\Study Project\Space Debris Characterization\MMT-9 Fetch Data\data\mmt9\1863\28137412\28137412_R.png
1863,28164500,D:\BITS\3rd Year\Study Project\Space Debris Characterization\MMT-9 Fetch Data\data\mmt9\1863\28164500\28164500_D.png,D:\BITS\3rd Year\Study Project\Space Debris Characterization\MMT-9 Fetch Data\data\mmt9\1863\28164500\28164500_F.png,D:\BITS\3rd Year\Study Project\Space Debris Characterization\MMT-9 Fetch Data\data\mmt9\1863\28164500\28164500_L.png,D:\BITS\3rd Year\Study Project\Space Debris Characterization\MMT-9 Fetch Data\data\mmt9\1863\28164500\28164500_M.png,D:\BITS\3rd Year\Study Project\Space Debris Characterization\MMT-9 Fetch Data\data\mmt9\1863\28164500\28164500_P.png,D:\BITS\3rd Year\Study Project\Space Debris Characterization\MMT-9 Fetch Data\data\mmt9\1863\28164500\28164500_R.png
1863,30225046,D:\BITS\3rd Year\Study Project\Space Debris Characterization\MMT-9 Fetch Data\data\mmt9\1863\30225046\30225046_D.png,D:\BITS\3rd Year\Study Project\Space Debris Characterization\MMT-9 Fetch Data\data\mmt9\1863\30225046\30225046_F.png,D:\BITS\3rd Year\Study Project\Space Debris Characterization\MMT-9 Fetch Data\data\mmt9\1863\30225046\30225046_L.png,D:\BITS\3rd Year\Study Project\Space Debris Characterization\MMT-9 Fetch Data\data\mmt9\1863\30225046\30225046_M.png,D:\BITS\3rd Year\Study Project\Space Debris Characterization\MMT-9 Fetch Data\data\mmt9\1863\30225046\30225046_P.png,D:\BITS\3rd Year\Study Project\Space Debris Characterization\MMT-9 Fetch Data\data\mmt9\1863\30225046\30225046_R.png
1863,31860181,D:\BITS\3rd Year\Study Project\Space Debris Characterization\MMT-9 Fetch Data\data\mmt9\1863\31860181\31860181_D.png,D:\BITS\3rd Year\Study Project\Space Debris Characterization\MMT-9 Fetch Data\data\mmt9\1863\31860181\31860181_F.png,D:\BITS\3rd Year\Study Project\Space Debris Characterization\MMT-9 Fetch Data\data\mmt9\1863\31860181\31860181_L.png,D:\BITS\3rd Year\Study Project\Space Debris Characterization\MMT-9 Fetch Data\data\mmt9\1863\31860181\31860181_M.png,D:\BITS\3rd Year\Study Project\Space Debris Characterization\MMT-9 Fetch Data\data\mmt9\1863\31860181\31860181_P.png,D:\BITS\3rd Year\Study Project\Space Debris Characterization\MMT-9 Fetch Data\data\mmt9\1863\31860181\31860181_R.png
1863,31938601,D:\BITS\3rd Year\Study Project\Space Debris Characterization\MMT-9 Fetch Data\data\mmt9\1863\31938601\31938601_D.png,D:\BITS\3rd Year\Study Project\Space Debris Characterization\MMT-9 Fetch Data\data\mmt9\1863\31938601\31938601_F.png,D:\BITS\3rd Year\Study Project\Space Debris Characterization\MMT-9 Fetch Data\data\mmt9\1863\31938601\31938601_L.png,D:\BITS\3rd Year\Study Project\Space Debris Characterization\MMT-9 Fetch Data\data\mmt9\1863\31938601\31938601_M.png,D:\BITS\3rd Year\Study Project\Space Debris Characterization\MMT-9 Fetch Data\data\mmt9\1863\31938601\31938601_P.png,D:\BITS\3rd Year\Study Project\Space Debris Characterization\MMT-9 Fetch Data\data\mmt9\1863\31938601\31938601_R.png
1863,32164168,D:\BITS\3rd Year\Study Project\Space Debris Characterization\MMT-9 Fetch Data\data\mmt9\1863\32164168\32164168_D.png,D:\BITS\3rd Year\Study Project\Space Debris Characterization\MMT-9 Fetch Data\data\mmt9\1863\32164168\32164168_F.png,D:\BITS\3rd Year\Study Project\Space Debris Characterization\MMT-9 Fetch Data\data\mmt9\1863\32164168\32164168_L.png,D:\BITS\3rd Year\Study Project\Space Debris Characterization\MMT-9 Fetch Data\data\mmt9\1863\32164168\32164168_M.png,D:\BITS\3rd Year\Study Project\Space Debris Characterization\MMT-9 Fetch Data\data\mmt9\1863\32164168\32164168_P.png,D:\BITS\3rd Year\Study Project\Space Debris Characterization\MMT-9 Fetch Data\data\mmt9\1863\32164168\32164168_R.png
10025,8093488,D:\BITS\3rd Year\Study Project\Space Debris Characterization\MMT-9 Fetch Data\data\mmt9\10025\8093488\8093488_D.png,D:\BITS\3rd Year\Study Project\Space Debris Characterization\MMT-9 Fetch Data\data\mmt9\10025\8093488\8093488_F.png,D:\BITS\3rd Year\Study Project\Space Debris Characterization\MMT-9 Fetch Data\data\mmt9\10025\8093488\8093488_L.png,D:\BITS\3rd Year\Study Project\Space Debris Characterization\MMT-9 Fetch Data\data\mmt9\10025\8093488\8093488_M.png,D:\BITS\3rd Year\Study Project\Space Debris Characterization\MMT-9 Fetch Data\data\mmt9\10025\8093488\8093488_P.png,D:\BITS\3rd Year\Study Project\Space Debris Characterization\MMT-9 Fetch Data\data\mmt9\10025\8093488\8093488_R.png
10025,10114859,D:\BITS\3rd Year\Study Project\Space Debris Characterization\MMT-9 Fetch Data\data\mmt9\10025\10114859\10114859_D.png,D:\BITS\3rd Year\Study Project\Space Debris Characterization\MMT-9 Fetch Data\data\mmt9\10025\10114859\10114859_F.png,D:\BITS\3rd Year\Study Project\Space Debris Characterization\MMT-9 Fetch Data\data\mmt9\10025\10114859\10114859_L.png,D:\BITS\3rd Year\Study Project\Space Debris Characterization\MMT-9 Fetch Data\data\mmt9\10025\10114859\10114859_M.png,D:\BITS\3rd Year\Study Project\Space Debris Characterization\MMT-9 Fetch Data\data\mmt9\10025\10114859\10114859_P.png,D:\BITS\3rd Year\Study Project\Space Debris Characterization\MMT-9 Fetch Data\data\mmt9\10025\10114859\10114859_R.png
10025,10359326,D:\BITS\3rd Year\Study Project\Space Debris Characterization\MMT-9 Fetch Data\data\mmt9\10025\10359326\10359326_D.png,D:\BITS\3rd Year\Study Project\Space Debris Characterization\MMT-9 Fetch Data\data\mmt9\10025\10359326\10359326_F.png,D:\BITS\3rd Year\Study Project\Space Debris Characterization\MMT-9 Fetch Data\data\mmt9\10025\10359326\10359326_L.png,D:\BITS\3rd Year\Study Project\Space Debris Characterization\MMT-9 Fetch Data\data\mmt9\10025\10359326\10359326_M.png,D:\BITS\3rd Year\Study Project\Space Debris Characterization\MMT-9 Fetch Data\data\mmt9\10025\10359326\10359326_P.png,D:\BITS\3rd Year\Study Project\Space Debris Characterization\MMT-9 Fetch Data\data\mmt9\10025\10359326\10359326_R.png
10025,10419535,D:\BITS\3rd Year\Study Project\Space Debris Characterization\MMT-9 Fetch Data\data\mmt9\10025\10419535\10419535_D.png,D:\BITS\3rd Year\Study Project\Space Debris Characterization\MMT-9 Fetch Data\data\mmt9\10025\10419535\10419535_F.png,D:\BITS\3rd Year\Study Project\Space Debris Characterization\MMT-9 Fetch Data\data\mmt9\10025\10419535\10419535_L.png,D:\BITS\3rd Year\Study Project\Space Debris Characterization\MMT-9 Fetch Data\data\mmt9\10025\10419535\10419535_M.png,D:\BITS\3rd Year\Study Project\Space Debris Characterization\MMT-9 Fetch Data\data\mmt9\10025\10419535\10419535_P.png,D:\BITS\3rd Year\Study Project\Space Debris Characterization\MMT-9 Fetch Data\data\mmt9\10025\10419535\10419535_R.png
10025,10882744,D:\BITS\3rd Year\Study Project\Space Debris Characterization\MMT-9 Fetch Data\data\mmt9\10025\10882744\10882744_D.png,D:\BITS\3rd Year\Study Project\Space Debris Characterization\MMT-9 Fetch Data\data\mmt9\10025\10882744\10882744_F.png,D:\BITS\3rd Year\Study Project\Space Debris Characterization\MMT-9 Fetch Data\data\mmt9\10025\10882744\10882744_L.png,D:\BITS\3rd Year\Study Project\Space Debris Characterization\MMT-9 Fetch Data\data\mmt9\10025\10882744\10882744_M.png,D:\BITS\3rd Year\Study Project\Space Debris Characterization\MMT-9 Fetch Data\data\mmt9\10025\10882744\10882744_P.png,D:\BITS\3rd Year\Study Project\Space Debris Characterization\MMT-9 Fetch Data\data\mmt9\10025\10882744\10882744_R.png
10025,12481309,D:\BITS\3rd Year\Study Project\Space Debris Characterization\MMT-9 Fetch Data\data\mmt9\10025\12481309\12481309_D.png,D:\BITS\3rd Year\Study Project\Space Debris Characterization\MMT-9 Fetch Data\data\mmt9\10025\12481309\12481309_F.png,D:\BITS\3rd Year\Study Project\Space Debris Characterization\MMT-9 Fetch Data\data\mmt9\10025\12481309\12481309_L.png,D:\BITS\3rd Year\Study Project\Space Debris Characterization\MMT-9 Fetch Data\data\mmt9\10025\12481309\12481309_M.png,D:\BITS\3rd Year\Study Project\Space Debris Characterization\MMT-9 Fetch Data\data\mmt9\10025\12481309\12481309_P.png,D:\BITS\3rd Year\Study Project\Space Debris Characterization\MMT-9 Fetch Data\data\mmt9\10025\12481309\12481309_R.png
10025,12672176,D:\BITS\3rd Year\Study Project\Space Debris Characterization\MMT-9 Fetch Data\data\mmt9\10025\12672176\12672176_D.png,D:\BITS\3rd Year\Study Project\Space Debris Characterization\MMT-9 Fetch Data\data\mmt9\10025\12672176\12672176_F.png,D:\BITS\3rd Year\Study Project\Space Debris Characterization\MMT-9 Fetch Data\data\mmt9\10025\12672176\12672176_L.png,D:\BITS\3rd Year\Study Project\Space Debris Characterization\MMT-9 Fetch Data\data\mmt9\10025\12672176\12672176_M.png,D:\BITS\3rd Year\Study Project\Space Debris Characterization\MMT-9 Fetch Data\data\mmt9\10025\12672176\12672176_P.png,D:\BITS\3rd Year\Study Project\Space Debris Characterization\MMT-9 Fetch Data\data\mmt9\10025\12672176\12672176_R.png
10025,15073777,D:\BITS\3rd Year\Study Project\Space Debris Characterization\MMT-9 Fetch Data\data\mmt9\10025\15073777\15073777_D.png,D:\BITS\3rd Year\Study Project\Space Debris Characterization\MMT-9 Fetch Data\data\mmt9\10025\15073777\15073777_F.png,D:\BITS\3rd Year\Study Project\Space Debris Characterization\MMT-9 Fetch Data\data\mmt9\10025\15073777\15073777_L.png,D:\BITS\3rd Year\Study Project\Space Debris Characterization\MMT-9 Fetch Data\data\mmt9\10025\15073777\15073777_M.png,D:\BITS\3rd Year\Study Project\Space Debris Characterization\MMT-9 Fetch Data\data\mmt9\10025\15073777\15073777_P.png,D:\BITS\3rd Year\Study Project\Space Debris Characterization\MMT-9 Fetch Data\data\mmt9\10025\15073777\15073777_R.png
10025,21881793,D:\BITS\3rd Year\Study Project\Space Debris Characterization\MMT-9 Fetch Data\data\mmt9\10025\21881793\21881793_D.png,D:\BITS\3rd Year\Study Project\Space Debris Characterization\MMT-9 Fetch Data\data\mmt9\10025\21881793\21881793_F.png,D:\BITS\3rd Year\Study Project\Space Debris Characterization\MMT-9 Fetch Data\data\mmt9\10025\21881793\21881793_L.png,D:\BITS\3rd Year\Study Project\Space Debris Characterization\MMT-9 Fetch Data\data\mmt9\10025\21881793\21881793_M.png,D:\BITS\3rd Year\Study Project\Space Debris Characterization\MMT-9 Fetch Data\data\mmt9\10025\21881793\21881793_P.png,D:\BITS\3rd Year\Study Project\Space Debris Characterization\MMT-9 Fetch Data\data\mmt9\10025\21881793\21881793_R.png
10025,25415443,D:\BITS\3rd Year\Study Project\Space Debris Characterization\MMT-9 Fetch Data\data\mmt9\10025\25415443\25415443_D.png,D:\BITS\3rd Year\Study Project\Space Debris Characterization\MMT-9 Fetch Data\data\mmt9\10025\25415443\25415443_F.png,D:\BITS\3rd Year\Study Project\Space Debris Characterization\MMT-9 Fetch Data\data\mmt9\10025\25415443\25415443_L.png,D:\BITS\3rd Year\Study Project\Space Debris Characterization\MMT-9 Fetch Data\data\mmt9\10025\25415443\25415443_M.png,D:\BITS\3rd Year\Study Project\Space Debris Characterization\MMT-9 Fetch Data\data\mmt9\10025\25415443\25415443_P.png,D:\BITS\3rd Year\Study Project\Space Debris Characterization\MMT-9 Fetch Data\data\mmt9\10025\25415443\25415443_R.png
10025,25533920,D:\BITS\3rd Year\Study Project\Space Debris Characterization\MMT-9 Fetch Data\data\mmt9\10025\25533920\25533920_D.png,D:\BITS\3rd Year\Study Project\Space Debris Characterization\MMT-9 Fetch Data\data\mmt9\10025\25533920\25533920_F.png,D:\BITS\3rd Year\Study Project\Space Debris Characterization\MMT-9 Fetch Data\data\mmt9\10025\25533920\25533920_L.png,D:\BITS\3rd Year\Study Project\Space Debris Characterization\MMT-9 Fetch Data\data\mmt9\10025\25533920\25533920_M.png,D:\BITS\3rd Year\Study Project\Space Debris Characterization\MMT-9 Fetch Data\data\mmt9\10025\25533920\25533920_P.png,D:\BITS\3rd Year\Study Project\Space Debris Characterization\MMT-9 Fetch Data\data\mmt9\10025\25533920\25533920_R.png
10025,27890120,D:\BITS\3rd Year\Study Project\Space Debris Characterization\MMT-9 Fetch Data\data\mmt9\10025\27890120\27890120_D.png,D:\BITS\3rd Year\Study Project\Space Debris Characterization\MMT-9 Fetch Data\data\mmt9\10025\27890120\27890120_F.png,D:\BITS\3rd Year\Study Project\Space Debris Characterization\MMT-9 Fetch Data\data\mmt9\10025\27890120\27890120_L.png,D:\BITS\3rd Year\Study Project\Space Debris Characterization\MMT-9 Fetch Data\data\mmt9\10025\27890120\27890120_M.png,D:\BITS\3rd Year\Study Project\Space Debris Characterization\MMT-9 Fetch Data\data\mmt9\10025\27890120\27890120_P.png,D:\BITS\3rd Year\Study Project\Space Debris Characterization\MMT-9 Fetch Data\data\mmt9\10025\27890120\27890120_R.png
23947,4149301,D:\BITS\3rd Year\Study Project\Space Debris Characterization\MMT-9 Fetch Data\data\mmt9\23947\4149301\4149301_D.png,D:\BITS\3rd Year\Study Project\Space Debris Characterization\MMT-9 Fetch Data\data\mmt9\23947\4149301\4149301_F.png,D:\BITS\3rd Year\Study Project\Space Debris Characterization\MMT-9 Fetch Data\data\mmt9\23947\4149301\4149301_L.png,D:\BITS\3rd Year\Study Project\Space Debris Characterization\MMT-9 Fetch Data\data\mmt9\23947\4149301\4149301_M.png,D:\BITS\3rd Year\Study Project\Space Debris Characterization\MMT-9 Fetch Data\data\mmt9\23947\4149301\4149301_P.png,D:\BITS\3rd Year\Study Project\Space Debris Characterization\MMT-9 Fetch Data\data\mmt9\23947\4149301\4149301_R.png
23947,4199024,D:\BITS\3rd Year\Study Project\Space Debris Characterization\MMT-9 Fetch Data\data\mmt9\23947\4199024\4199024_D.png,D:\BITS\3rd Year\Study Project\Space Debris Characterization\MMT-9 Fetch Data\data\mmt9\23947\4199024\4199024_F.png,D:\BITS\3rd Year\Study Project\Space Debris Characterization\MMT-9 Fetch Data\data\mmt9\23947\4199024\4199024_L.png,D:\BITS\3rd Year\Study Project\Space Debris Characterization\MMT-9 Fetch Data\data\mmt9\23947\4199024\4199024_M.png,D:\BITS\3rd Year\Study Project\Space Debris Characterization\MMT-9 Fetch Data\data\mmt9\23947\4199024\4199024_P.png,D:\BITS\3rd Year\Study Project\Space Debris Characterization\MMT-9 Fetch Data\data\mmt9\23947\4199024\4199024_R.png
23947,4258214,D:\BITS\3rd Year\Study Project\Space Debris Characterization\MMT-9 Fetch Data\data\mmt9\23947\4258214\4258214_D.png,D:\BITS\3rd Year\Study Project\Space Debris Characterization\MMT-9 Fetch Data\data\mmt9\23947\4258214\4258214_F.png,D:\BITS\3rd Year\Study Project\Space Debris Characterization\MMT-9 Fetch Data\data\mmt9\23947\4258214\4258214_L.png,D:\BITS\3rd Year\Study Project\Space Debris Characterization\MMT-9 Fetch Data\data\mmt9\23947\4258214\4258214_M.png,D:\BITS\3rd Year\Study Project\Space Debris Characterization\MMT-9 Fetch Data\data\mmt9\23947\4258214\4258214_P.png,D:\BITS\3rd Year\Study Project\Space Debris Characterization\MMT-9 Fetch Data\data\mmt9\23947\4258214\4258214_R.png
23947,5617227,D:\BITS\3rd Year\Study Project\Space Debris Characterization\MMT-9 Fetch Data\data\mmt9\23947\5617227\5617227_D.png,D:\BITS\3rd Year\Study Project\Space Debris Characterization\MMT-9 Fetch Data\data\mmt9\23947\5617227\5617227_F.png,D:\BITS\3rd Year\Study Project\Space Debris Characterization\MMT-9 Fetch Data\data\mmt9\23947\5617227\5617227_L.png,D:\BITS\3rd Year\Study Project\Space Debris Characterization\MMT-9 Fetch Data\data\mmt9\23947\5617227\5617227_M.png,D:\BITS\3rd Year\Study Project\Space Debris Characterization\MMT-9 Fetch Data\data\mmt9\23947\5617227\5617227_P.png,D:\BITS\3rd Year\Study Project\Space Debris Characterization\MMT-9 Fetch Data\data\mmt9\23947\5617227\5617227_R.png
23947,6492846,D:\BITS\3rd Year\Study Project\Space Debris Characterization\MMT-9 Fetch Data\data\mmt9\23947\6492846\6492846_D.png,D:\BITS\3rd Year\Study Project\Space Debris Characterization\MMT-9 Fetch Data\data\mmt9\23947\6492846\6492846_F.png,D:\BITS\3rd Year\Study Project\Space Debris Characterization\MMT-9 Fetch Data\data\mmt9\23947\6492846\6492846_L.png,D:\BITS\3rd Year\Study Project\Space Debris Characterization\MMT-9 Fetch Data\data\mmt9\23947\6492846\6492846_M.png,D:\BITS\3rd Year\Study Project\Space Debris Characterization\MMT-9 Fetch Data\data\mmt9\23947\6492846\6492846_P.png,D:\BITS\3rd Year\Study Project\Space Debris Characterization\MMT-9 Fetch Data\data\mmt9\23947\6492846\6492846_R.png
23947,16394042,D:\BITS\3rd Year\Study Project\Space Debris Characterization\MMT-9 Fetch Data\data\mmt9\23947\16394042\16394042_D.png,D:\BITS\3rd Year\Study Project\Space Debris Characterization\MMT-9 Fetch Data\data\mmt9\23947\16394042\16394042_F.png,D:\BITS\3rd Year\Study Project\Space Debris Characterization\MMT-9 Fetch Data\data\mmt9\23947\16394042\16394042_L.png,D:\BITS\3rd Year\Study Project\Space Debris Characterization\MMT-9 Fetch Data\data\mmt9\23947\16394042\16394042_M.png,D:\BITS\3rd Year\Study Project\Space Debris Characterization\MMT-9 Fetch Data\data\mmt9\23947\16394042\16394042_P.png,D:\BITS\3rd Year\Study Project\Space Debris Characterization\MMT-9 Fetch Data\data\mmt9\23947\16394042\16394042_R.png
23947,16503170,D:\BITS\3rd Year\Study Project\Space Debris Characterization\MMT-9 Fetch Data\data\mmt9\23947\16503170\16503170_D.png,D:\BITS\3rd Year\Study Project\Space Debris Characterization\MMT-9 Fetch Data\data\mmt9\23947\16503170\16503170_F.png,D:\BITS\3rd Year\Study Project\Space Debris Characterization\MMT-9 Fetch Data\data\mmt9\23947\16503170\16503170_L.png,D:\BITS\3rd Year\Study Project\Space Debris Characterization\MMT-9 Fetch Data\data\mmt9\23947\16503170\16503170_M.png,D:\BITS\3rd Year\Study Project\Space Debris Characterization\MMT-9 Fetch Data\data\mmt9\23947\16503170\16503170_P.png,D:\BITS\3rd Year\Study Project\Space Debris Characterization\MMT-9 Fetch Data\data\mmt9\23947\16503170\16503170_R.png
23947,16533378,D:\BITS\3rd Year\Study Project\Space Debris Characterization\MMT-9 Fetch Data\data\mmt9\23947\16533378\16533378_D.png,D:\BITS\3rd Year\Study Project\Space Debris Characterization\MMT-9 Fetch Data\data\mmt9\23947\16533378\16533378_F.png,D:\BITS\3rd Year\Study Project\Space Debris Characterization\MMT-9 Fetch Data\data\mmt9\23947\16533378\16533378_L.png,D:\BITS\3rd Year\Study Project\Space Debris Characterization\MMT-9 Fetch Data\data\mmt9\23947\16533378\16533378_M.png,D:\BITS\3rd Year\Study Project\Space Debris Characterization\MMT-9 Fetch Data\data\mmt9\23947\16533378\16533378_P.png,D:\BITS\3rd Year\Study Project\Space Debris Characterization\MMT-9 Fetch Data\data\mmt9\23947\16533378\16533378_R.png
23947,16597573,D:\BITS\3rd Year\Study Project\Space Debris Characterization\MMT-9 Fetch Data\data\mmt9\23947\16597573\16597573_D.png,D:\BITS\3rd Year\Study Project\Space Debris Characterization\MMT-9 Fetch Data\data\mmt9\23947\16597573\16597573_F.png,D:\BITS\3rd Year\Study Project\Space Debris Characterization\MMT-9 Fetch Data\data\mmt9\23947\16597573\16597573_L.png,D:\BITS\3rd Year\Study Project\Space Debris Characterization\MMT-9 Fetch Data\data\mmt9\23947\16597573\16597573_M.png,D:\BITS\3rd Year\Study Project\Space Debris Characterization\MMT-9 Fetch Data\data\mmt9\23947\16597573\16597573_P.png,D:\BITS\3rd Year\Study Project\Space Debris Characterization\MMT-9 Fetch Data\data\mmt9\23947\16597573\16597573_R.png
23947,16622825,D:\BITS\3rd Year\Study Project\Space Debris Characterization\MMT-9 Fetch Data\data\mmt9\23947\16622825\16622825_D.png,D:\BITS\3rd Year\Study Project\Space Debris Characterization\MMT-9 Fetch Data\data\mmt9\23947\16622825\16622825_F.png,D:\BITS\3rd Year\Study Project\Space Debris Characterization\MMT-9 Fetch Data\data\mmt9\23947\16622825\16622825_L.png,D:\BITS\3rd Year\Study Project\Space Debris Characterization\MMT-9 Fetch Data\data\mmt9\23947\16622825\16622825_M.png,D:\BITS\3rd Year\Study Project\Space Debris Characterization\MMT-9 Fetch Data\data\mmt9\23947\16622825\16622825_P.png,D:\BITS\3rd Year\Study Project\Space Debris Characterization\MMT-9 Fetch Data\data\mmt9\23947\16622825\16622825_R.png
23947,16697261,D:\BITS\3rd Year\Study Project\Space Debris Characterization\MMT-9 Fetch Data\data\mmt9\23947\16697261\16697261_D.png,D:\BITS\3rd Year\Study Project\Space Debris Characterization\MMT-9 Fetch Data\data\mmt9\23947\16697261\16697261_F.png,D:\BITS\3rd Year\Study Project\Space Debris Characterization\MMT-9 Fetch Data\data\mmt9\23947\16697261\16697261_L.png,D:\BITS\3rd Year\Study Project\Space Debris Characterization\MMT-9 Fetch Data\data\mmt9\23947\16697261\16697261_M.png,D:\BITS\3rd Year\Study Project\Space Debris Characterization\MMT-9 Fetch Data\data\mmt9\23947\16697261\16697261_P.png,D:\BITS\3rd Year\Study Project\Space Debris Characterization\MMT-9 Fetch Data\data\mmt9\23947\16697261\16697261_R.png
23947,16706407,D:\BITS\3rd Year\Study Project\Space Debris Characterization\MMT-9 Fetch Data\data\mmt9\23947\16706407\16706407_D.png,D:\BITS\3rd Year\Study Project\Space Debris Characterization\MMT-9 Fetch Data\data\mmt9\23947\16706407\16706407_F.png,D:\BITS\3rd Year\Study Project\Space Debris Characterization\MMT-9 Fetch Data\data\mmt9\23947\16706407\16706407_L.png,D:\BITS\3rd Year\Study Project\Space Debris Characterization\MMT-9 Fetch Data\data\mmt9\23947\16706407\16706407_M.png,D:\BITS\3rd Year\Study Project\Space Debris Characterization\MMT-9 Fetch Data\data\mmt9\23947\16706407\16706407_P.png,D:\BITS\3rd Year\Study Project\Space Debris Characterization\MMT-9 Fetch Data\data\mmt9\23947\16706407\16706407_R.png
23947,16756483,D:\BITS\3rd Year\Study Project\Space Debris Characterization\MMT-9 Fetch Data\data\mmt9\23947\16756483\16756483_D.png,D:\BITS\3rd Year\Study Project\Space Debris Characterization\MMT-9 Fetch Data\data\mmt9\23947\16756483\16756483_F.png,D:\BITS\3rd Year\Study Project\Space Debris Characterization\MMT-9 Fetch Data\data\mmt9\23947\16756483\16756483_L.png,D:\BITS\3rd Year\Study Project\Space Debris Characterization\MMT-9 Fetch Data\data\mmt9\23947\16756483\16756483_M.png,D:\BITS\3rd Year\Study Project\Space Debris Characterization\MMT-9 Fetch Data\data\mmt9\23947\16756483\16756483_P.png,D:\BITS\3rd Year\Study Project\Space Debris Characterization\MMT-9 Fetch Data\data\mmt9\23947\16756483\16756483_R.png
23947,16798738,D:\BITS\3rd Year\Study Project\Space Debris Characterization\MMT-9 Fetch Data\data\mmt9\23947\16798738\16798738_D.png,D:\BITS\3rd Year\Study Project\Space Debris Characterization\MMT-9 Fetch Data\data\mmt9\23947\16798738\16798738_F.png,D:\BITS\3rd Year\Study Project\Space Debris Characterization\MMT-9 Fetch Data\data\mmt9\23947\16798738\16798738_L.png,D:\BITS\3rd Year\Study Project\Space Debris Characterization\MMT-9 Fetch Data\data\mmt9\23947\16798738\16798738_M.png,D:\BITS\3rd Year\Study Project\Space Debris Characterization\MMT-9 Fetch Data\data\mmt9\23947\16798738\16798738_P.png,D:\BITS\3rd Year\Study Project\Space Debris Characterization\MMT-9 Fetch Data\data\mmt9\23947\16798738\16798738_R.png
23947,16862087,D:\BITS\3rd Year\Study Project\Space Debris Characterization\MMT-9 Fetch Data\data\mmt9\23947\16862087\16862087_D.png,D:\BITS\3rd Year\Study Project\Space Debris Characterization\MMT-9 Fetch Data\data\mmt9\23947\16862087\16862087_F.png,D:\BITS\3rd Year\Study Project\Space Debris Characterization\MMT-9 Fetch Data\data\mmt9\23947\16862087\16862087_L.png,D:\BITS\3rd Year\Study Project\Space Debris Characterization\MMT-9 Fetch Data\data\mmt9\23947\16862087\16862087_M.png,D:\BITS\3rd Year\Study Project\Space Debris Characterization\MMT-9 Fetch Data\data\mmt9\23947\16862087\16862087_P.png,D:\BITS\3rd Year\Study Project\Space Debris Characterization\MMT-9 Fetch Data\data\mmt9\23947\16862087\16862087_R.png
23947,17490371,D:\BITS\3rd Year\Study Project\Space Debris Characterization\MMT-9 Fetch Data\data\mmt9\23947\17490371\17490371_D.png,D:\BITS\3rd Year\Study Project\Space Debris Characterization\MMT-9 Fetch Data\data\mmt9\23947\17490371\17490371_F.png,D:\BITS\3rd Year\Study Project\Space Debris Characterization\MMT-9 Fetch Data\data\mmt9\23947\17490371\17490371_L.png,D:\BITS\3rd Year\Study Project\Space Debris Characterization\MMT-9 Fetch Data\data\mmt9\23947\17490371\17490371_M.png,D:\BITS\3rd Year\Study Project\Space Debris Characterization\MMT-9 Fetch Data\data\mmt9\23947\17490371\17490371_P.png,D:\BITS\3rd Year\Study Project\Space Debris Characterization\MMT-9 Fetch Data\data\mmt9\23947\17490371\17490371_R.png
25502,1161076,D:\BITS\3rd Year\Study Project\Space Debris Characterization\MMT-9 Fetch Data\data\mmt9\25502\1161076\1161076_D.png,D:\BITS\3rd Year\Study Project\Space Debris Characterization\MMT-9 Fetch Data\data\mmt9\25502\1161076\1161076_F.png,D:\BITS\3rd Year\Study Project\Space Debris Characterization\MMT-9 Fetch Data\data\mmt9\25502\1161076\1161076_L.png,D:\BITS\3rd Year\Study Project\Space Debris Characterization\MMT-9 Fetch Data\data\mmt9\25502\1161076\1161076_M.png,D:\BITS\3rd Year\Study Project\Space Debris Characterization\MMT-9 Fetch Data\data\mmt9\25502\1161076\1161076_P.png,D:\BITS\3rd Year\Study Project\Space Debris Characterization\MMT-9 Fetch Data\data\mmt9\25502\1161076\1161076_R.png
25502,1205878,D:\BITS\3rd Year\Study Project\Space Debris Characterization\MMT-9 Fetch Data\data\mmt9\25502\1205878\1205878_D.png,D:\BITS\3rd Year\Study Project\Space Debris Characterization\MMT-9 Fetch Data\data\mmt9\25502\1205878\1205878_F.png,D:\BITS\3rd Year\Study Project\Space Debris Characterization\MMT-9 Fetch Data\data\mmt9\25502\1205878\1205878_L.png,D:\BITS\3rd Year\Study Project\Space Debris Characterization\MMT-9 Fetch Data\data\mmt9\25502\1205878\1205878_M.png,D:\BITS\3rd Year\Study Project\Space Debris Characterization\MMT-9 Fetch Data\data\mmt9\25502\1205878\1205878_P.png,D:\BITS\3rd Year\Study Project\Space Debris Characterization\MMT-9 Fetch Data\data\mmt9\25502\1205878\1205878_R.png
25502,4051072,D:\BITS\3rd Year\Study Project\Space Debris Characterization\MMT-9 Fetch Data\data\mmt9\25502\4051072\4051072_D.png,D:\BITS\3rd Year\Study Project\Space Debris Characterization\MMT-9 Fetch Data\data\mmt9\25502\4051072\4051072_F.png,D:\BITS\3rd Year\Study Project\Space Debris Characterization\MMT-9 Fetch Data\data\mmt9\25502\4051072\4051072_L.png,D:\BITS\3rd Year\Study Project\Space Debris Characterization\MMT-9 Fetch Data\data\mmt9\25502\4051072\4051072_M.png,D:\BITS\3rd Year\Study Project\Space Debris Characterization\MMT-9 Fetch Data\data\mmt9\25502\4051072\4051072_P.png,D:\BITS\3rd Year\Study Project\Space Debris Characterization\MMT-9 Fetch Data\data\mmt9\25502\4051072\4051072_R.png
25502,5228573,D:\BITS\3rd Year\Study Project\Space Debris Characterization\MMT-9 Fetch Data\data\mmt9\25502\5228573\5228573_D.png,D:\BITS\3rd Year\Study Project\Space Debris Characterization\MMT-9 Fetch Data\data\mmt9\25502\5228573\5228573_F.png,D:\BITS\3rd Year\Study Project\Space Debris Characterization\MMT-9 Fetch Data\data\mmt9\25502\5228573\5228573_L.png,D:\BITS\3rd Year\Study Project\Space Debris Characterization\MMT-9 Fetch Data\data\mmt9\25502\5228573\5228573_M.png,D:\BITS\3rd Year\Study Project\Space Debris Characterization\MMT-9 Fetch Data\data\mmt9\25502\5228573\5228573_P.png,D:\BITS\3rd Year\Study Project\Space Debris Characterization\MMT-9 Fetch Data\data\mmt9\25502\5228573\5228573_R.png
25502,8629648,D:\BITS\3rd Year\Study Project\Space Debris Characterization\MMT-9 Fetch Data\data\mmt9\25502\8629648\8629648_D.png,D:\BITS\3rd Year\Study Project\Space Debris Characterization\MMT-9 Fetch Data\data\mmt9\25502\8629648\8629648_F.png,D:\BITS\3rd Year\Study Project\Space Debris Characterization\MMT-9 Fetch Data\data\mmt9\25502\8629648\8629648_L.png,D:\BITS\3rd Year\Study Project\Space Debris Characterization\MMT-9 Fetch Data\data\mmt9\25502\8629648\8629648_M.png,D:\BITS\3rd Year\Study Project\Space Debris Characterization\MMT-9 Fetch Data\data\mmt9\25502\8629648\8629648_P.png,D:\BITS\3rd Year\Study Project\Space Debris Characterization\MMT-9 Fetch Data\data\mmt9\25502\8629648\8629648_R.png
25502,9628476,D:\BITS\3rd Year\Study Project\Space Debris Characterization\MMT-9 Fetch Data\data\mmt9\25502\9628476\9628476_D.png,D:\BITS\3rd Year\Study Project\Space Debris Characterization\MMT-9 Fetch Data\data\mmt9\25502\9628476\9628476_F.png,D:\BITS\3rd Year\Study Project\Space Debris Characterization\MMT-9 Fetch Data\data\mmt9\25502\9628476\9628476_L.png,D:\BITS\3rd Year\Study Project\Space Debris Characterization\MMT-9 Fetch Data\data\mmt9\25502\9628476\9628476_M.png,D:\BITS\3rd Year\Study Project\Space Debris Characterization\MMT-9 Fetch Data\data\mmt9\25502\9628476\9628476_P.png,D:\BITS\3rd Year\Study Project\Space Debris Characterization\MMT-9 Fetch Data\data\mmt9\25502\9628476\9628476_R.png
25502,9651422,D:\BITS\3rd Year\Study Project\Space Debris Characterization\MMT-9 Fetch Data\data\mmt9\25502\9651422\9651422_D.png,D:\BITS\3rd Year\Study Project\Space Debris Characterization\MMT-9 Fetch Data\data\mmt9\25502\9651422\9651422_F.png,D:\BITS\3rd Year\Study Project\Space Debris Characterization\MMT-9 Fetch Data\data\mmt9\25502\9651422\9651422_L.png,D:\BITS\3rd Year\Study Project\Space Debris Characterization\MMT-9 Fetch Data\data\mmt9\25502\9651422\9651422_M.png,D:\BITS\3rd Year\Study Project\Space Debris Characterization\MMT-9 Fetch Data\data\mmt9\25502\9651422\9651422_P.png,D:\BITS\3rd Year\Study Project\Space Debris Characterization\MMT-9 Fetch Data\data\mmt9\25502\9651422\9651422_R.png
25502,9810917,D:\BITS\3rd Year\Study Project\Space Debris Characterization\MMT-9 Fetch Data\data\mmt9\25502\9810917\9810917_D.png,D:\BITS\3rd Year\Study Project\Space Debris Characterization\MMT-9 Fetch Data\data\mmt9\25502\9810917\9810917_F.png,D:\BITS\3rd Year\Study Project\Space Debris Characterization\MMT-9 Fetch Data\data\mmt9\25502\9810917\9810917_L.png,D:\BITS\3rd Year\Study Project\Space Debris Characterization\MMT-9 Fetch Data\data\mmt9\25502\9810917\9810917_M.png,D:\BITS\3rd Year\Study Project\Space Debris Characterization\MMT-9 Fetch Data\data\mmt9\25502\9810917\9810917_P.png,D:\BITS\3rd Year\Study Project\Space Debris Characterization\MMT-9 Fetch Data\data\mmt9\25502\9810917\9810917_R.png
25502,10114183,D:\BITS\3rd Year\Study Project\Space Debris Characterization\MMT-9 Fetch Data\data\mmt9\25502\10114183\10114183_D.png,D:\BITS\3rd Year\Study Project\Space Debris Characterization\MMT-9 Fetch Data\data\mmt9\25502\10114183\10114183_F.png,D:\BITS\3rd Year\Study Project\Space Debris Characterization\MMT-9 Fetch Data\data\mmt9\25502\10114183\10114183_L.png,D:\BITS\3rd Year\Study Project\Space Debris Characterization\MMT-9 Fetch Data\data\mmt9\25502\10114183\10114183_M.png,D:\BITS\3rd Year\Study Project\Space Debris Characterization\MMT-9 Fetch Data\data\mmt9\25502\10114183\10114183_P.png,D:\BITS\3rd Year\Study Project\Space Debris Characterization\MMT-9 Fetch Data\data\mmt9\25502\10114183\10114183_R.png
25502,10237559,D:\BITS\3rd Year\Study Project\Space Debris Characterization\MMT-9 Fetch Data\data\mmt9\25502\10237559\10237559_D.png,D:\BITS\3rd Year\Study Project\Space Debris Characterization\MMT-9 Fetch Data\data\mmt9\25502\10237559\10237559_F.png,D:\BITS\3rd Year\Study Project\Space Debris Characterization\MMT-9 Fetch Data\data\mmt9\25502\10237559\10237559_L.png,D:\BITS\3rd Year\Study Project\Space Debris Characterization\MMT-9 Fetch Data\data\mmt9\25502\10237559\10237559_M.png,D:\BITS\3rd Year\Study Project\Space Debris Characterization\MMT-9 Fetch Data\data\mmt9\25502\10237559\10237559_P.png,D:\BITS\3rd Year\Study Project\Space Debris Characterization\MMT-9 Fetch Data\data\mmt9\25502\10237559\10237559_R.png
25502,10527695,D:\BITS\3rd Year\Study Project\Space Debris Characterization\MMT-9 Fetch Data\data\mmt9\25502\10527695\10527695_D.png,D:\BITS\3rd Year\Study Project\Space Debris Characterization\MMT-9 Fetch Data\data\mmt9\25502\10527695\10527695_F.png,D:\BITS\3rd Year\Study Project\Space Debris Characterization\MMT-9 Fetch Data\data\mmt9\25502\10527695\10527695_L.png,D:\BITS\3rd Year\Study Project\Space Debris Characterization\MMT-9 Fetch Data\data\mmt9\25502\10527695\10527695_M.png,D:\BITS\3rd Year\Study Project\Space Debris Characterization\MMT-9 Fetch Data\data\mmt9\25502\10527695\10527695_P.png,D:\BITS\3rd Year\Study Project\Space Debris Characterization\MMT-9 Fetch Data\data\mmt9\25502\10527695\10527695_R.png
25502,10595685,D:\BITS\3rd Year\Study Project\Space Debris Characterization\MMT-9 Fetch Data\data\mmt9\25502\10595685\10595685_D.png,D:\BITS\3rd Year\Study Project\Space Debris Characterization\MMT-9 Fetch Data\data\mmt9\25502\10595685\10595685_F.png,D:\BITS\3rd Year\Study Project\Space Debris Characterization\MMT-9 Fetch Data\data\mmt9\25502\10595685\10595685_L.png,D:\BITS\3rd Year\Study Project\Space Debris Characterization\MMT-9 Fetch Data\data\mmt9\25502\10595685\10595685_M.png,D:\BITS\3rd Year\Study Project\Space Debris Characterization\MMT-9 Fetch Data\data\mmt9\25502\10595685\10595685_P.png,D:\BITS\3rd Year\Study Project\Space Debris Characterization\MMT-9 Fetch Data\data\mmt9\25502\10595685\10595685_R.png
25502,10607182,D:\BITS\3rd Year\Study Project\Space Debris Characterization\MMT-9 Fetch Data\data\mmt9\25502\10607182\10607182_D.png,D:\BITS\3rd Year\Study Project\Space Debris Characterization\MMT-9 Fetch Data\data\mmt9\25502\10607182\10607182_F.png,D:\BITS\3rd Year\Study Project\Space Debris Characterization\MMT-9 Fetch Data\data\mmt9\25502\10607182\10607182_L.png,D:\BITS\3rd Year\Study Project\Space Debris Characterization\MMT-9 Fetch Data\data\mmt9\25502\10607182\10607182_M.png,D:\BITS\3rd Year\Study Project\Space Debris Characterization\MMT-9 Fetch Data\data\mmt9\25502\10607182\10607182_P.png,D:\BITS\3rd Year\Study Project\Space Debris Characterization\MMT-9 Fetch Data\data\mmt9\25502\10607182\10607182_R.png
25502,10621040,D:\BITS\3rd Year\Study Project\Space Debris Characterization\MMT-9 Fetch Data\data\mmt9\25502\10621040\10621040_D.png,D:\BITS\3rd Year\Study Project\Space Debris Characterization\MMT-9 Fetch Data\data\mmt9\25502\10621040\10621040_F.png,D:\BITS\3rd Year\Study Project\Space Debris Characterization\MMT-9 Fetch Data\data\mmt9\25502\10621040\10621040_L.png,D:\BITS\3rd Year\Study Project\Space Debris Characterization\MMT-9 Fetch Data\data\mmt9\25502\10621040\10621040_M.png,D:\BITS\3rd Year\Study Project\Space Debris Characterization\MMT-9 Fetch Data\data\mmt9\25502\10621040\10621040_P.png,D:\BITS\3rd Year\Study Project\Space Debris Characterization\MMT-9 Fetch Data\data\mmt9\25502\10621040\10621040_R.png
25502,10660824,D:\BITS\3rd Year\Study Project\Space Debris Characterization\MMT-9 Fetch Data\data\mmt9\25502\10660824\10660824_D.png,D:\BITS\3rd Year\Study Project\Space Debris Characterization\MMT-9 Fetch Data\data\mmt9\25502\10660824\10660824_F.png,D:\BITS\3rd Year\Study Project\Space Debris Characterization\MMT-9 Fetch Data\data\mmt9\25502\10660824\10660824_L.png,D:\BITS\3rd Year\Study Project\Space Debris Characterization\MMT-9 Fetch Data\data\mmt9\25502\10660824\10660824_M.png,D:\BITS\3rd Year\Study Project\Space Debris Characterization\MMT-9 Fetch Data\data\mmt9\25502\10660824\10660824_P.png,D:\BITS\3rd Year\Study Project\Space Debris Characterization\MMT-9 Fetch Data\data\mmt9\25502\10660824\10660824_R.png
25502,10724662,D:\BITS\3rd Year\Study Project\Space Debris Characterization\MMT-9 Fetch Data\data\mmt9\25502\10724662\10724662_D.png,D:\BITS\3rd Year\Study Project\Space Debris Characterization\MMT-9 Fetch Data\data\mmt9\25502\10724662\10724662_F.png,D:\BITS\3rd Year\Study Project\Space Debris Characterization\MMT-9 Fetch Data\data\mmt9\25502\10724662\10724662_L.png,D:\BITS\3rd Year\Study Project\Space Debris Characterization\MMT-9 Fetch Data\data\mmt9\25502\10724662\10724662_M.png,D:\BITS\3rd Year\Study Project\Space Debris Characterization\MMT-9 Fetch Data\data\mmt9\25502\10724662\10724662_P.png,D:\BITS\3rd Year\Study Project\Space Debris Characterization\MMT-9 Fetch Data\data\mmt9\25502\10724662\10724662_R.png
25502,12064659,D:\BITS\3rd Year\Study Project\Space Debris Characterization\MMT-9 Fetch Data\data\mmt9\25502\12064659\12064659_D.png,D:\BITS\3rd Year\Study Project\Space Debris Characterization\MMT-9 Fetch Data\data\mmt9\25502\12064659\12064659_F.png,D:\BITS\3rd Year\Study Project\Space Debris Characterization\MMT-9 Fetch Data\data\mmt9\25502\12064659\12064659_L.png,D:\BITS\3rd Year\Study Project\Space Debris Characterization\MMT-9 Fetch Data\data\mmt9\25502\12064659\12064659_M.png,D:\BITS\3rd Year\Study Project\Space Debris Characterization\MMT-9 Fetch Data\data\mmt9\25502\12064659\12064659_P.png,D:\BITS\3rd Year\Study Project\Space Debris Characterization\MMT-9 Fetch Data\data\mmt9\25502\12064659\12064659_R.png
25502,12153039,D:\BITS\3rd Year\Study Project\Space Debris Characterization\MMT-9 Fetch Data\data\mmt9\25502\12153039\12153039_D.png,D:\BITS\3rd Year\Study Project\Space Debris Characterization\MMT-9 Fetch Data\data\mmt9\25502\12153039\12153039_F.png,D:\BITS\3rd Year\Study Project\Space Debris Characterization\MMT-9 Fetch Data\data\mmt9\25502\12153039\12153039_L.png,D:\BITS\3rd Year\Study Project\Space Debris Characterization\MMT-9 Fetch Data\data\mmt9\25502\12153039\12153039_M.png,D:\BITS\3rd Year\Study Project\Space Debris Characterization\MMT-9 Fetch Data\data\mmt9\25502\12153039\12153039_P.png,D:\BITS\3rd Year\Study Project\Space Debris Characterization\MMT-9 Fetch Data\data\mmt9\25502\12153039\12153039_R.png
25502,12210021,D:\BITS\3rd Year\Study Project\Space Debris Characterization\MMT-9 Fetch Data\data\mmt9\25502\12210021\12210021_D.png,D:\BITS\3rd Year\Study Project\Space Debris Characterization\MMT-9 Fetch Data\data\mmt9\25502\12210021\12210021_F.png,D:\BITS\3rd Year\Study Project\Space Debris Characterization\MMT-9 Fetch Data\data\mmt9\25502\12210021\12210021_L.png,D:\BITS\3rd Year\Study Project\Space Debris Characterization\MMT-9 Fetch Data\data\mmt9\25502\12210021\12210021_M.png,D:\BITS\3rd Year\Study Project\Space Debris Characterization\MMT-9 Fetch Data\data\mmt9\25502\12210021\12210021_P.png,D:\BITS\3rd Year\Study Project\Space Debris Characterization\MMT-9 Fetch Data\data\mmt9\25502\12210021\12210021_R.png
25502,12234335,D:\BITS\3rd Year\Study Project\Space Debris Characterization\MMT-9 Fetch Data\data\mmt9\25502\12234335\12234335_D.png,D:\BITS\3rd Year\Study Project\Space Debris Characterization\MMT-9 Fetch Data\data\mmt9\25502\12234335\12234335_F.png,D:\BITS\3rd Year\Study Project\Space Debris Characterization\MMT-9 Fetch Data\data\mmt9\25502\12234335\12234335_L.png,D:\BITS\3rd Year\Study Project\Space Debris Characterization\MMT-9 Fetch Data\data\mmt9\25502\12234335\12234335_M.png,D:\BITS\3rd Year\Study Project\Space Debris Characterization\MMT-9 Fetch Data\data\mmt9\25502\12234335\12234335_P.png,D:\BITS\3rd Year\Study Project\Space Debris Characterization\MMT-9 Fetch Data\data\mmt9\25502\12234335\12234335_R.png
25502,12283110,D:\BITS\3rd Year\Study Project\Space Debris Characterization\MMT-9 Fetch Data\data\mmt9\25502\12283110\12283110_D.png,D:\BITS\3rd Year\Study Project\Space Debris Characterization\MMT-9 Fetch Data\data\mmt9\25502\12283110\12283110_F.png,D:\BITS\3rd Year\Study Project\Space Debris Characterization\MMT-9 Fetch Data\data\mmt9\25502\12283110\12283110_L.png,D:\BITS\3rd Year\Study Project\Space Debris Characterization\MMT-9 Fetch Data\data\mmt9\25502\12283110\12283110_M.png,D:\BITS\3rd Year\Study Project\Space Debris Characterization\MMT-9 Fetch Data\data\mmt9\25502\12283110\12283110_P.png,D:\BITS\3rd Year\Study Project\Space Debris Characterization\MMT-9 Fetch Data\data\mmt9\25502\12283110\12283110_R.png
25502,12304691,D:\BITS\3rd Year\Study Project\Space Debris Characterization\MMT-9 Fetch Data\data\mmt9\25502\12304691\12304691_D.png,D:\BITS\3rd Year\Study Project\Space Debris Characterization\MMT-9 Fetch Data\data\mmt9\25502\12304691\12304691_F.png,D:\BITS\3rd Year\Study Project\Space Debris Characterization\MMT-9 Fetch Data\data\mmt9\25502\12304691\12304691_L.png,D:\BITS\3rd Year\Study Project\Space Debris Characterization\MMT-9 Fetch Data\data\mmt9\25502\12304691\12304691_M.png,D:\BITS\3rd Year\Study Project\Space Debris Characterization\MMT-9 Fetch Data\data\mmt9\25502\12304691\12304691_P.png,D:\BITS\3rd Year\Study Project\Space Debris Characterization\MMT-9 Fetch Data\data\mmt9\25502\12304691\12304691_R.png
25502,12351602,D:\BITS\3rd Year\Study Project\Space Debris Characterization\MMT-9 Fetch Data\data\mmt9\25502\12351602\12351602_D.png,D:\BITS\3rd Year\Study Project\Space Debris Characterization\MMT-9 Fetch Data\data\mmt9\25502\12351602\12351602_F.png,D:\BITS\3rd Year\Study Project\Space Debris Characterization\MMT-9 Fetch Data\data\mmt9\25502\12351602\12351602_L.png,D:\BITS\3rd Year\Study Project\Space Debris Characterization\MMT-9 Fetch Data\data\mmt9\25502\12351602\12351602_M.png,D:\BITS\3rd Year\Study Project\Space Debris Characterization\MMT-9 Fetch Data\data\mmt9\25502\12351602\12351602_P.png,D:\BITS\3rd Year\Study Project\Space Debris Characterization\MMT-9 Fetch Data\data\mmt9\25502\12351602\12351602_R.png
25502,13047273,D:\BITS\3rd Year\Study Project\Space Debris Characterization\MMT-9 Fetch Data\data\mmt9\25502\13047273\13047273_D.png,D:\BITS\3rd Year\Study Project\Space Debris Characterization\MMT-9 Fetch Data\data\mmt9\25502\13047273\13047273_F.png,D:\BITS\3rd Year\Study Project\Space Debris Characterization\MMT-9 Fetch Data\data\mmt9\25502\13047273\13047273_L.png,D:\BITS\3rd Year\Study Project\Space Debris Characterization\MMT-9 Fetch Data\data\mmt9\25502\13047273\13047273_M.png,D:\BITS\3rd Year\Study Project\Space Debris Characterization\MMT-9 Fetch Data\data\mmt9\25502\13047273\13047273_P.png,D:\BITS\3rd Year\Study Project\Space Debris Characterization\MMT-9 Fetch Data\data\mmt9\25502\13047273\13047273_R.png
25502,13108570,D:\BITS\3rd Year\Study Project\Space Debris Characterization\MMT-9 Fetch Data\data\mmt9\25502\13108570\13108570_D.png,D:\BITS\3rd Year\Study Project\Space Debris Characterization\MMT-9 Fetch Data\data\mmt9\25502\13108570\13108570_F.png,D:\BITS\3rd Year\Study Project\Space Debris Characterization\MMT-9 Fetch Data\data\mmt9\25502\13108570\13108570_L.png,D:\BITS\3rd Year\Study Project\Space Debris Characterization\MMT-9 Fetch Data\data\mmt9\25502\13108570\13108570_M.png,D:\BITS\3rd Year\Study Project\Space Debris Characterization\MMT-9 Fetch Data\data\mmt9\25502\13108570\13108570_P.png,D:\BITS\3rd Year\Study Project\Space Debris Characterization\MMT-9 Fetch Data\data\mmt9\25502\13108570\13108570_R.png
25502,13110560,D:\BITS\3rd Year\Study Project\Space Debris Characterization\MMT-9 Fetch Data\data\mmt9\25502\13110560\13110560_D.png,D:\BITS\3rd Year\Study Project\Space Debris Characterization\MMT-9 Fetch Data\data\mmt9\25502\13110560\13110560_F.png,D:\BITS\3rd Year\Study Project\Space Debris Characterization\MMT-9 Fetch Data\data\mmt9\25502\13110560\13110560_L.png,D:\BITS\3rd Year\Study Project\Space Debris Characterization\MMT-9 Fetch Data\data\mmt9\25502\13110560\13110560_M.png,D:\BITS\3rd Year\Study Project\Space Debris Characterization\MMT-9 Fetch Data\data\mmt9\25502\13110560\13110560_P.png,D:\BITS\3rd Year\Study Project\Space Debris Characterization\MMT-9 Fetch Data\data\mmt9\25502\13110560\13110560_R.png
25502,13579848,D:\BITS\3rd Year\Study Project\Space Debris Characterization\MMT-9 Fetch Data\data\mmt9\25502\13579848\13579848_D.png,D:\BITS\3rd Year\Study Project\Space Debris Characterization\MMT-9 Fetch Data\data\mmt9\25502\13579848\13579848_F.png,D:\BITS\3rd Year\Study Project\Space Debris Characterization\MMT-9 Fetch Data\data\mmt9\25502\13579848\13579848_L.png,D:\BITS\3rd Year\Study Project\Space Debris Characterization\MMT-9 Fetch Data\data\mmt9\25502\13579848\13579848_M.png,D:\BITS\3rd Year\Study Project\Space Debris Characterization\MMT-9 Fetch Data\data\mmt9\25502\13579848\13579848_P.png,D:\BITS\3rd Year\Study Project\Space Debris Characterization\MMT-9 Fetch Data\data\mmt9\25502\13579848\13579848_R.png
25502,13597012,D:\BITS\3rd Year\Study Project\Space Debris Characterization\MMT-9 Fetch Data\data\mmt9\25502\13597012\13597012_D.png,D:\BITS\3rd Year\Study Project\Space Debris Characterization\MMT-9 Fetch Data\data\mmt9\25502\13597012\13597012_F.png,D:\BITS\3rd Year\Study Project\Space Debris Characterization\MMT-9 Fetch Data\data\mmt9\25502\13597012\13597012_L.png,D:\BITS\3rd Year\Study Project\Space Debris Characterization\MMT-9 Fetch Data\data\mmt9\25502\13597012\13597012_M.png,D:\BITS\3rd Year\Study Project\Space Debris Characterization\MMT-9 Fetch Data\data\mmt9\25502\13597012\13597012_P.png,D:\BITS\3rd Year\Study Project\Space Debris Characterization\MMT-9 Fetch Data\data\mmt9\25502\13597012\13597012_R.png
25502,13656395,D:\BITS\3rd Year\Study Project\Space Debris Characterization\MMT-9 Fetch Data\data\mmt9\25502\13656395\13656395_D.png,D:\BITS\3rd Year\Study Project\Space Debris Characterization\MMT-9 Fetch Data\data\mmt9\25502\13656395\13656395_F.png,D:\BITS\3rd Year\Study Project\Space Debris Characterization\MMT-9 Fetch Data\data\mmt9\25502\13656395\13656395_L.png,D:\BITS\3rd Year\Study Project\Space Debris Characterization\MMT-9 Fetch Data\data\mmt9\25502\13656395\13656395_M.png,D:\BITS\3rd Year\Study Project\Space Debris Characterization\MMT-9 Fetch Data\data\mmt9\25502\13656395\13656395_P.png,D:\BITS\3rd Year\Study Project\Space Debris Characterization\MMT-9 Fetch Data\data\mmt9\25502\13656395\13656395_R.png
25502,13669874,D:\BITS\3rd Year\Study Project\Space Debris Characterization\MMT-9 Fetch Data\data\mmt9\25502\13669874\13669874_D.png,D:\BITS\3rd Year\Study Project\Space Debris Characterization\MMT-9 Fetch Data\data\mmt9\25502\13669874\13669874_F.png,D:\BITS\3rd Year\Study Project\Space Debris Characterization\MMT-9 Fetch Data\data\mmt9\25502\13669874\13669874_L.png,D:\BITS\3rd Year\Study Project\Space Debris Characterization\MMT-9 Fetch Data\data\mmt9\25502\13669874\13669874_M.png,D:\BITS\3rd Year\Study Project\Space Debris Characterization\MMT-9 Fetch Data\data\mmt9\25502\13669874\13669874_P.png,D:\BITS\3rd Year\Study Project\Space Debris Characterization\MMT-9 Fetch Data\data\mmt9\25502\13669874\13669874_R.png
25502,13689746,D:\BITS\3rd Year\Study Project\Space Debris Characterization\MMT-9 Fetch Data\data\mmt9\25502\13689746\13689746_D.png,D:\BITS\3rd Year\Study Project\Space Debris Characterization\MMT-9 Fetch Data\data\mmt9\25502\13689746\13689746_F.png,D:\BITS\3rd Year\Study Project\Space Debris Characterization\MMT-9 Fetch Data\data\mmt9\25502\13689746\13689746_L.png,D:\BITS\3rd Year\Study Project\Space Debris Characterization\MMT-9 Fetch Data\data\mmt9\25502\13689746\13689746_M.png,D:\BITS\3rd Year\Study Project\Space Debris Characterization\MMT-9 Fetch Data\data\mmt9\25502\13689746\13689746_P.png,D:\BITS\3rd Year\Study Project\Space Debris Characterization\MMT-9 Fetch Data\data\mmt9\25502\13689746\13689746_R.png
25502,13722108,D:\BITS\3rd Year\Study Project\Space Debris Characterization\MMT-9 Fetch Data\data\mmt9\25502\13722108\13722108_D.png,D:\BITS\3rd Year\Study Project\Space Debris Characterization\MMT-9 Fetch Data\data\mmt9\25502\13722108\13722108_F.png,D:\BITS\3rd Year\Study Project\Space Debris Characterization\MMT-9 Fetch Data\data\mmt9\25502\13722108\13722108_L.png,D:\BITS\3rd Year\Study Project\Space Debris Characterization\MMT-9 Fetch Data\data\mmt9\25502\13722108\13722108_M.png,D:\BITS\3rd Year\Study Project\Space Debris Characterization\MMT-9 Fetch Data\data\mmt9\25502\13722108\13722108_P.png,D:\BITS\3rd Year\Study Project\Space Debris Characterization\MMT-9 Fetch Data\data\mmt9\25502\13722108\13722108_R.png
25502,13872573,D:\BITS\3rd Year\Study Project\Space Debris Characterization\MMT-9 Fetch Data\data\mmt9\25502\13872573\13872573_D.png,D:\BITS\3rd Year\Study Project\Space Debris Characterization\MMT-9 Fetch Data\data\mmt9\25502\13872573\13872573_F.png,D:\BITS\3rd Year\Study Project\Space Debris Characterization\MMT-9 Fetch Data\data\mmt9\25502\13872573\13872573_L.png,D:\BITS\3rd Year\Study Project\Space Debris Characterization\MMT-9 Fetch Data\data\mmt9\25502\13872573\13872573_M.png,D:\BITS\3rd Year\Study Project\Space Debris Characterization\MMT-9 Fetch Data\data\mmt9\25502\13872573\13872573_P.png,D:\BITS\3rd Year\Study Project\Space Debris Characterization\MMT-9 Fetch Data\data\mmt9\25502\13872573\13872573_R.png
25502,13891923,D:\BITS\3rd Year\Study Project\Space Debris Characterization\MMT-9 Fetch Data\data\mmt9\25502\13891923\13891923_D.png,D:\BITS\3rd Year\Study Project\Space Debris Characterization\MMT-9 Fetch Data\data\mmt9\25502\13891923\13891923_F.png,D:\BITS\3rd Year\Study Project\Space Debris Characterization\MMT-9 Fetch Data\data\mmt9\25502\13891923\13891923_L.png,D:\BITS\3rd Year\Study Project\Space Debris Characterization\MMT-9 Fetch Data\data\mmt9\25502\13891923\13891923_M.png,D:\BITS\3rd Year\Study Project\Space Debris Characterization\MMT-9 Fetch Data\data\mmt9\25502\13891923\13891923_P.png,D:\BITS\3rd Year\Study Project\Space Debris Characterization\MMT-9 Fetch Data\data\mmt9\25502\13891923\13891923_R.png
25502,13952373,D:\BITS\3rd Year\Study Project\Space Debris Characterization\MMT-9 Fetch Data\data\mmt9\25502\13952373\13952373_D.png,D:\BITS\3rd Year\Study Project\Space Debris Characterization\MMT-9 Fetch Data\data\mmt9\25502\13952373\13952373_F.png,D:\BITS\3rd Year\Study Project\Space Debris Characterization\MMT-9 Fetch Data\data\mmt9\25502\13952373\13952373_L.png,D:\BITS\3rd Year\Study Project\Space Debris Characterization\MMT-9 Fetch Data\data\mmt9\25502\13952373\13952373_M.png,D:\BITS\3rd Year\Study Project\Space Debris Characterization\MMT-9 Fetch Data\data\mmt9\25502\13952373\13952373_P.png,D:\BITS\3rd Year\Study Project\Space Debris Characterization\MMT-9 Fetch Data\data\mmt9\25502\13952373\13952373_R.png
32295,9578905,D:\BITS\3rd Year\Study Project\Space Debris Characterization\MMT-9 Fetch Data\data\mmt9\32295\9578905\9578905_D.png,D:\BITS\3rd Year\Study Project\Space Debris Characterization\MMT-9 Fetch Data\data\mmt9\32295\9578905\9578905_F.png,D:\BITS\3rd Year\Study Project\Space Debris Characterization\MMT-9 Fetch Data\data\mmt9\32295\9578905\9578905_L.png,D:\BITS\3rd Year\Study Project\Space Debris Characterization\MMT-9 Fetch Data\data\mmt9\32295\9578905\9578905_M.png,D:\BITS\3rd Year\Study Project\Space Debris Characterization\MMT-9 Fetch Data\data\mmt9\32295\9578905\9578905_P.png,D:\BITS\3rd Year\Study Project\Space Debris Characterization\MMT-9 Fetch Data\data\mmt9\32295\9578905\9578905_R.png
32295,9667695,D:\BITS\3rd Year\Study Project\Space Debris Characterization\MMT-9 Fetch Data\data\mmt9\32295\9667695\9667695_D.png,D:\BITS\3rd Year\Study Project\Space Debris Characterization\MMT-9 Fetch Data\data\mmt9\32295\9667695\9667695_F.png,D:\BITS\3rd Year\Study Project\Space Debris Characterization\MMT-9 Fetch Data\data\mmt9\32295\9667695\9667695_L.png,D:\BITS\3rd Year\Study Project\Space Debris Characterization\MMT-9 Fetch Data\data\mmt9\32295\9667695\9667695_M.png,D:\BITS\3rd Year\Study Project\Space Debris Characterization\MMT-9 Fetch Data\data\mmt9\32295\9667695\9667695_P.png,D:\BITS\3rd Year\Study Project\Space Debris Characterization\MMT-9 Fetch Data\data\mmt9\32295\9667695\9667695_R.png
32295,10886185,D:\BITS\3rd Year\Study Project\Space Debris Characterization\MMT-9 Fetch Data\data\mmt9\32295\10886185\10886185_D.png,D:\BITS\3rd Year\Study Project\Space Debris Characterization\MMT-9 Fetch Data\data\mmt9\32295\10886185\10886185_F.png,D:\BITS\3rd Year\Study Project\Space Debris Characterization\MMT-9 Fetch Data\data\mmt9\32295\10886185\10886185_L.png,D:\BITS\3rd Year\Study Project\Space Debris Characterization\MMT-9 Fetch Data\data\mmt9\32295\10886185\10886185_M.png,D:\BITS\3rd Year\Study Project\Space Debris Characterization\MMT-9 Fetch Data\data\mmt9\32295\10886185\10886185_P.png,D:\BITS\3rd Year\Study Project\Space Debris Characterization\MMT-9 Fetch Data\data\mmt9\32295\10886185\10886185_R.png
32295,10917820,D:\BITS\3rd Year\Study Project\Space Debris Characterization\MMT-9 Fetch Data\data\mmt9\32295\10917820\10917820_D.png,D:\BITS\3rd Year\Study Project\Space Debris Characterization\MMT-9 Fetch Data\data\mmt9\32295\10917820\10917820_F.png,D:\BITS\3rd Year\Study Project\Space Debris Characterization\MMT-9 Fetch Data\data\mmt9\32295\10917820\10917820_L.png,D:\BITS\3rd Year\Study Project\Space Debris Characterization\MMT-9 Fetch Data\data\mmt9\32295\10917820\10917820_M.png,D:\BITS\3rd Year\Study Project\Space Debris Characterization\MMT-9 Fetch Data\data\mmt9\32295\10917820\10917820_P.png,D:\BITS\3rd Year\Study Project\Space Debris Characterization\MMT-9 Fetch Data\data\mmt9\32295\10917820\10917820_R.png
32295,12234263,D:\BITS\3rd Year\Study Project\Space Debris Characterization\MMT-9 Fetch Data\data\mmt9\32295\12234263\12234263_D.png,D:\BITS\3rd Year\Study Project\Space Debris Characterization\MMT-9 Fetch Data\data\mmt9\32295\12234263\12234263_F.png,D:\BITS\3rd Year\Study Project\Space Debris Characterization\MMT-9 Fetch Data\data\mmt9\32295\12234263\12234263_L.png,D:\BITS\3rd Year\Study Project\Space Debris Characterization\MMT-9 Fetch Data\data\mmt9\32295\12234263\12234263_M.png,D:\BITS\3rd Year\Study Project\Space Debris Characterization\MMT-9 Fetch Data\data\mmt9\32295\12234263\12234263_P.png,D:\BITS\3rd Year\Study Project\Space Debris Characterization\MMT-9 Fetch Data\data\mmt9\32295\12234263\12234263_R.png
32295,12338040,D:\BITS\3rd Year\Study Project\Space Debris Characterization\MMT-9 Fetch Data\data\mmt9\32295\12338040\12338040_D.png,D:\BITS\3rd Year\Study Project\Space Debris Characterization\MMT-9 Fetch Data\data\mmt9\32295\12338040\12338040_F.png,D:\BITS\3rd Year\Study Project\Space Debris Characterization\MMT-9 Fetch Data\data\mmt9\32295\12338040\12338040_L.png,D:\BITS\3rd Year\Study Project\Space Debris Characterization\MMT-9 Fetch Data\data\mmt9\32295\12338040\12338040_M.png,D:\BITS\3rd Year\Study Project\Space Debris Characterization\MMT-9 Fetch Data\data\mmt9\32295\12338040\12338040_P.png,D:\BITS\3rd Year\Study Project\Space Debris Characterization\MMT-9 Fetch Data\data\mmt9\32295\12338040\12338040_R.png
32295,12359743,D:\BITS\3rd Year\Study Project\Space Debris Characterization\MMT-9 Fetch Data\data\mmt9\32295\12359743\12359743_D.png,D:\BITS\3rd Year\Study Project\Space Debris Characterization\MMT-9 Fetch Data\data\mmt9\32295\12359743\12359743_F.png,D:\BITS\3rd Year\Study Project\Space Debris Characterization\MMT-9 Fetch Data\data\mmt9\32295\12359743\12359743_L.png,D:\BITS\3rd Year\Study Project\Space Debris Characterization\MMT-9 Fetch Data\data\mmt9\32295\12359743\12359743_M.png,D:\BITS\3rd Year\Study Project\Space Debris Characterization\MMT-9 Fetch Data\data\mmt9\32295\12359743\12359743_P.png,D:\BITS\3rd Year\Study Project\Space Debris Characterization\MMT-9 Fetch Data\data\mmt9\32295\12359743\12359743_R.png
32295,12370348,D:\BITS\3rd Year\Study Project\Space Debris Characterization\MMT-9 Fetch Data\data\mmt9\32295\12370348\12370348_D.png,D:\BITS\3rd Year\Study Project\Space Debris Characterization\MMT-9 Fetch Data\data\mmt9\32295\12370348\12370348_F.png,D:\BITS\3rd Year\Study Project\Space Debris Characterization\MMT-9 Fetch Data\data\mmt9\32295\12370348\12370348_L.png,D:\BITS\3rd Year\Study Project\Space Debris Characterization\MMT-9 Fetch Data\data\mmt9\32295\12370348\12370348_M.png,D:\BITS\3rd Year\Study Project\Space Debris Characterization\MMT-9 Fetch Data\data\mmt9\32295\12370348\12370348_P.png,D:\BITS\3rd Year\Study Project\Space Debris Characterization\MMT-9 Fetch Data\data\mmt9\32295\12370348\12370348_R.png
32295,12698653,D:\BITS\3rd Year\Study Project\Space Debris Characterization\MMT-9 Fetch Data\data\mmt9\32295\12698653\12698653_D.png,D:\BITS\3rd Year\Study Project\Space Debris Characterization\MMT-9 Fetch Data\data\mmt9\32295\12698653\12698653_F.png,D:\BITS\3rd Year\Study Project\Space Debris Characterization\MMT-9 Fetch Data\data\mmt9\32295\12698653\12698653_L.png,D:\BITS\3rd Year\Study Project\Space Debris Characterization\MMT-9 Fetch Data\data\mmt9\32295\12698653\12698653_M.png,D:\BITS\3rd Year\Study Project\Space Debris Characterization\MMT-9 Fetch Data\data\mmt9\32295\12698653\12698653_P.png,D:\BITS\3rd Year\Study Project\Space Debris Characterization\MMT-9 Fetch Data\data\mmt9\32295\12698653\12698653_R.png
32295,12901775,D:\BITS\3rd Year\Study Project\Space Debris Characterization\MMT-9 Fetch Data\data\mmt9\32295\12901775\12901775_D.png,D:\BITS\3rd Year\Study Project\Space Debris Characterization\MMT-9 Fetch Data\data\mmt9\32295\12901775\12901775_F.png,D:\BITS\3rd Year\Study Project\Space Debris Characterization\MMT-9 Fetch Data\data\mmt9\32295\12901775\12901775_L.png,D:\BITS\3rd Year\Study Project\Space Debris Characterization\MMT-9 Fetch Data\data\mmt9\32295\12901775\12901775_M.png,D:\BITS\3rd Year\Study Project\Space Debris Characterization\MMT-9 Fetch Data\data\mmt9\32295\12901775\12901775_P.png,D:\BITS\3rd Year\Study Project\Space Debris Characterization\MMT-9 Fetch Data\data\mmt9\32295\12901775\12901775_R.png
32295,15451261,D:\BITS\3rd Year\Study Project\Space Debris Characterization\MMT-9 Fetch Data\data\mmt9\32295\15451261\15451261_D.png,D:\BITS\3rd Year\Study Project\Space Debris Characterization\MMT-9 Fetch Data\data\mmt9\32295\15451261\15451261_F.png,D:\BITS\3rd Year\Study Project\Space Debris Characterization\MMT-9 Fetch Data\data\mmt9\32295\15451261\15451261_L.png,D:\BITS\3rd Year\Study Project\Space Debris Characterization\MMT-9 Fetch Data\data\mmt9\32295\15451261\15451261_M.png,D:\BITS\3rd Year\Study Project\Space Debris Characterization\MMT-9 Fetch Data\data\mmt9\32295\15451261\15451261_P.png,D:\BITS\3rd Year\Study Project\Space Debris Characterization\MMT-9 Fetch Data\data\mmt9\32295\15451261\15451261_R.png
32295,15567806,D:\BITS\3rd Year\Study Project\Space Debris Characterization\MMT-9 Fetch Data\data\mmt9\32295\15567806\15567806_D.png,D:\BITS\3rd Year\Study Project\Space Debris Characterization\MMT-9 Fetch Data\data\mmt9\32295\15567806\15567806_F.png,D:\BITS\3rd Year\Study Project\Space Debris Characterization\MMT-9 Fetch Data\data\mmt9\32295\15567806\15567806_L.png,D:\BITS\3rd Year\Study Project\Space Debris Characterization\MMT-9 Fetch Data\data\mmt9\32295\15567806\15567806_M.png,D:\BITS\3rd Year\Study Project\Space Debris Characterization\MMT-9 Fetch Data\data\mmt9\32295\15567806\15567806_P.png,D:\BITS\3rd Year\Study Project\Space Debris Characterization\MMT-9 Fetch Data\data\mmt9\32295\15567806\15567806_R.png
32295,15793472,D:\BITS\3rd Year\Study Project\Space Debris Characterization\MMT-9 Fetch Data\data\mmt9\32295\15793472\15793472_D.png,D:\BITS\3rd Year\Study Project\Space Debris Characterization\MMT-9 Fetch Data\data\mmt9\32295\15793472\15793472_F.png,D:\BITS\3rd Year\Study Project\Space Debris Characterization\MMT-9 Fetch Data\data\mmt9\32295\15793472\15793472_L.png,D:\BITS\3rd Year\Study Project\Space Debris Characterization\MMT-9 Fetch Data\data\mmt9\32295\15793472\15793472_M.png,D:\BITS\3rd Year\Study Project\Space Debris Characterization\MMT-9 Fetch Data\data\mmt9\32295\15793472\15793472_P.png,D:\BITS\3rd Year\Study Project\Space Debris Characterization\MMT-9 Fetch Data\data\mmt9\32295\15793472\15793472_R.png
32295,15993585,D:\BITS\3rd Year\Study Project\Space Debris Characterization\MMT-9 Fetch Data\data\mmt9\32295\15993585\15993585_D.png,D:\BITS\3rd Year\Study Project\Space Debris Characterization\MMT-9 Fetch Data\data\mmt9\32295\15993585\15993585_F.png,D:\BITS\3rd Year\Study Project\Space Debris Characterization\MMT-9 Fetch Data\data\mmt9\32295\15993585\15993585_L.png,D:\BITS\3rd Year\Study Project\Space Debris Characterization\MMT-9 Fetch Data\data\mmt9\32295\15993585\15993585_M.png,D:\BITS\3rd Year\Study Project\Space Debris Characterization\MMT-9 Fetch Data\data\mmt9\32295\15993585\15993585_P.png,D:\BITS\3rd Year\Study Project\Space Debris Characterization\MMT-9 Fetch Data\data\mmt9\32295\15993585\15993585_R.png
32295,19290865,D:\BITS\3rd Year\Study Project\Space Debris Characterization\MMT-9 Fetch Data\data\mmt9\32295\19290865\19290865_D.png,D:\BITS\3rd Year\Study Project\Space Debris Characterization\MMT-9 Fetch Data\data\mmt9\32295\19290865\19290865_F.png,D:\BITS\3rd Year\Study Project\Space Debris Characterization\MMT-9 Fetch Data\data\mmt9\32295\19290865\19290865_L.png,D:\BITS\3rd Year\Study Project\Space Debris Characterization\MMT-9 Fetch Data\data\mmt9\32295\19290865\19290865_M.png,D:\BITS\3rd Year\Study Project\Space Debris Characterization\MMT-9 Fetch Data\data\mmt9\32295\19290865\19290865_P.png,D:\BITS\3rd Year\Study Project\Space Debris Characterization\MMT-9 Fetch Data\data\mmt9\32295\19290865\19290865_R.png
32295,22821797,D:\BITS\3rd Year\Study Project\Space Debris Characterization\MMT-9 Fetch Data\data\mmt9\32295\22821797\22821797_D.png,D:\BITS\3rd Year\Study Project\Space Debris Characterization\MMT-9 Fetch Data\data\mmt9\32295\22821797\22821797_F.png,D:\BITS\3rd Year\Study Project\Space Debris Characterization\MMT-9 Fetch Data\data\mmt9\32295\22821797\22821797_L.png,D:\BITS\3rd Year\Study Project\Space Debris Characterization\MMT-9 Fetch Data\data\mmt9\32295\22821797\22821797_M.png,D:\BITS\3rd Year\Study Project\Space Debris Characterization\MMT-9 Fetch Data\data\mmt9\32295\22821797\22821797_P.png,D:\BITS\3rd Year\Study Project\Space Debris Characterization\MMT-9 Fetch Data\data\mmt9\32295\22821797\22821797_R.png
32295,22990520,D:\BITS\3rd Year\Study Project\Space Debris Characterization\MMT-9 Fetch Data\data\mmt9\32295\22990520\22990520_D.png,D:\BITS\3rd Year\Study Project\Space Debris Characterization\MMT-9 Fetch Data\data\mmt9\32295\22990520\22990520_F.png,D:\BITS\3rd Year\Study Project\Space Debris Characterization\MMT-9 Fetch Data\data\mmt9\32295\22990520\22990520_L.png,D:\BITS\3rd Year\Study Project\Space Debris Characterization\MMT-9 Fetch Data\data\mmt9\32295\22990520\22990520_M.png,D:\BITS\3rd Year\Study Project\Space Debris Characterization\MMT-9 Fetch Data\data\mmt9\32295\22990520\22990520_P.png,D:\BITS\3rd Year\Study Project\Space Debris Characterization\MMT-9 Fetch Data\data\mmt9\32295\22990520\22990520_R.png
32295,23139513,D:\BITS\3rd Year\Study Project\Space Debris Characterization\MMT-9 Fetch Data\data\mmt9\32295\23139513\23139513_D.png,D:\BITS\3rd Year\Study Project\Space Debris Characterization\MMT-9 Fetch Data\data\mmt9\32295\23139513\23139513_F.png,D:\BITS\3rd Year\Study Project\Space Debris Characterization\MMT-9 Fetch Data\data\mmt9\32295\23139513\23139513_L.png,D:\BITS\3rd Year\Study Project\Space Debris Characterization\MMT-9 Fetch Data\data\mmt9\32295\23139513\23139513_M.png,D:\BITS\3rd Year\Study Project\Space Debris Characterization\MMT-9 Fetch Data\data\mmt9\32295\23139513\23139513_P.png,D:\BITS\3rd Year\Study Project\Space Debris Characterization\MMT-9 Fetch Data\data\mmt9\32295\23139513\23139513_R.png
32295,31079321,D:\BITS\3rd Year\Study Project\Space Debris Characterization\MMT-9 Fetch Data\data\mmt9\32295\31079321\31079321_D.png,D:\BITS\3rd Year\Study Project\Space Debris Characterization\MMT-9 Fetch Data\data\mmt9\32295\31079321\31079321_F.png,D:\BITS\3rd Year\Study Project\Space Debris Characterization\MMT-9 Fetch Data\data\mmt9\32295\31079321\31079321_L.png,D:\BITS\3rd Year\Study Project\Space Debris Characterization\MMT-9 Fetch Data\data\mmt9\32295\31079321\31079321_M.png,D:\BITS\3rd Year\Study Project\Space Debris Characterization\MMT-9 Fetch Data\data\mmt9\32295\31079321\31079321_P.png,D:\BITS\3rd Year\Study Project\Space Debris Characterization\MMT-9 Fetch Data\data\mmt9\32295\31079321\31079321_R.png
32295,31104424,D:\BITS\3rd Year\Study Project\Space Debris Characterization\MMT-9 Fetch Data\data\mmt9\32295\31104424\31104424_D.png,D:\BITS\3rd Year\Study Project\Space Debris Characterization\MMT-9 Fetch Data\data\mmt9\32295\31104424\31104424_F.png,D:\BITS\3rd Year\Study Project\Space Debris Characterization\MMT-9 Fetch Data\data\mmt9\32295\31104424\31104424_L.png,D:\BITS\3rd Year\Study Project\Space Debris Characterization\MMT-9 Fetch Data\data\mmt9\32295\31104424\31104424_M.png,D:\BITS\3rd Year\Study Project\Space Debris Characterization\MMT-9 Fetch Data\data\mmt9\32295\31104424\31104424_P.png,D:\BITS\3rd Year\Study Project\Space Debris Characterization\MMT-9 Fetch Data\data\mmt9\32295\31104424\31104424_R.png
32295,33150563,D:\BITS\3rd Year\Study Project\Space Debris Characterization\MMT-9 Fetch Data\data\mmt9\32295\33150563\33150563_D.png,D:\BITS\3rd Year\Study Project\Space Debris Characterization\MMT-9 Fetch Data\data\mmt9\32295\33150563\33150563_F.png,D:\BITS\3rd Year\Study Project\Space Debris Characterization\MMT-9 Fetch Data\data\mmt9\32295\33150563\33150563_L.png,D:\BITS\3rd Year\Study Project\Space Debris Characterization\MMT-9 Fetch Data\data\mmt9\32295\33150563\33150563_M.png,D:\BITS\3rd Year\Study Project\Space Debris Characterization\MMT-9 Fetch Data\data\mmt9\32295\33150563\33150563_P.png,D:\BITS\3rd Year\Study Project\Space Debris Characterization\MMT-9 Fetch Data\data\mmt9\32295\33150563\33150563_R.png
40209,7095963,D:\BITS\3rd Year\Study Project\Space Debris Characterization\MMT-9 Fetch Data\data\mmt9\40209\7095963\7095963_D.png,D:\BITS\3rd Year\Study Project\Space Debris Characterization\MMT-9 Fetch Data\data\mmt9\40209\7095963\7095963_F.png,D:\BITS\3rd Year\Study Project\Space Debris Characterization\MMT-9 Fetch Data\data\mmt9\40209\7095963\7095963_L.png,D:\BITS\3rd Year\Study Project\Space Debris Characterization\MMT-9 Fetch Data\data\mmt9\40209\7095963\7095963_M.png,D:\BITS\3rd Year\Study Project\Space Debris Characterization\MMT-9 Fetch Data\data\mmt9\40209\7095963\7095963_P.png,D:\BITS\3rd Year\Study Project\Space Debris Characterization\MMT-9 Fetch Data\data\mmt9\40209\7095963\7095963_R.png
40209,7952546,D:\BITS\3rd Year\Study Project\Space Debris Characterization\MMT-9 Fetch Data\data\mmt9\40209\7952546\7952546_D.png,D:\BITS\3rd Year\Study Project\Space Debris Characterization\MMT-9 Fetch Data\data\mmt9\40209\7952546\7952546_F.png,D:\BITS\3rd Year\Study Project\Space Debris Characterization\MMT-9 Fetch Data\data\mmt9\40209\7952546\7952546_L.png,D:\BITS\3rd Year\Study Project\Space Debris Characterization\MMT-9 Fetch Data\data\mmt9\40209\7952546\7952546_M.png,D:\BITS\3rd Year\Study Project\Space Debris Characterization\MMT-9 Fetch Data\data\mmt9\40209\7952546\7952546_P.png,D:\BITS\3rd Year\Study Project\Space Debris Characterization\MMT-9 Fetch Data\data\mmt9\40209\7952546\7952546_R.png
40209,10358640,D:\BITS\3rd Year\Study Project\Space Debris Characterization\MMT-9 Fetch Data\data\mmt9\40209\10358640\10358640_D.png,D:\BITS\3rd Year\Study Project\Space Debris Characterization\MMT-9 Fetch Data\data\mmt9\40209\10358640\10358640_F.png,D:\BITS\3rd Year\Study Project\Space Debris Characterization\MMT-9 Fetch Data\data\mmt9\40209\10358640\10358640_L.png,D:\BITS\3rd Year\Study Project\Space Debris Characterization\MMT-9 Fetch Data\data\mmt9\40209\10358640\10358640_M.png,D:\BITS\3rd Year\Study Project\Space Debris Characterization\MMT-9 Fetch Data\data\mmt9\40209\10358640\10358640_P.png,D:\BITS\3rd Year\Study Project\Space Debris Characterization\MMT-9 Fetch Data\data\mmt9\40209\10358640\10358640_R.png
40209,12069078,D:\BITS\3rd Year\Study Project\Space Debris Characterization\MMT-9 Fetch Data\data\mmt9\40209\12069078\12069078_D.png,D:\BITS\3rd Year\Study Project\Space Debris Characterization\MMT-9 Fetch Data\data\mmt9\40209\12069078\12069078_F.png,D:\BITS\3rd Year\Study Project\Space Debris Characterization\MMT-9 Fetch Data\data\mmt9\40209\12069078\12069078_L.png,D:\BITS\3rd Year\Study Project\Space Debris Characterization\MMT-9 Fetch Data\data\mmt9\40209\12069078\12069078_M.png,D:\BITS\3rd Year\Study Project\Space Debris Characterization\MMT-9 Fetch Data\data\mmt9\40209\12069078\12069078_P.png,D:\BITS\3rd Year\Study Project\Space Debris Characterization\MMT-9 Fetch Data\data\mmt9\40209\12069078\12069078_R.png
40209,13582368,D:\BITS\3rd Year\Study Project\Space Debris Characterization\MMT-9 Fetch Data\data\mmt9\40209\13582368\13582368_D.png,D:\BITS\3rd Year\Study Project\Space Debris Characterization\MMT-9 Fetch Data\data\mmt9\40209\13582368\13582368_F.png,D:\BITS\3rd Year\Study Project\Space Debris Characterization\MMT-9 Fetch Data\data\mmt9\40209\13582368\13582368_L.png,D:\BITS\3rd Year\Study Project\Space Debris Characterization\MMT-9 Fetch Data\data\mmt9\40209\13582368\13582368_M.png,D:\BITS\3rd Year\Study Project\Space Debris Characterization\MMT-9 Fetch Data\data\mmt9\40209\13582368\13582368_P.png,D:\BITS\3rd Year\Study Project\Space Debris Characterization\MMT-9 Fetch Data\data\mmt9\40209\13582368\13582368_R.png
40209,13868255,D:\BITS\3rd Year\Study Project\Space Debris Characterization\MMT-9 Fetch Data\data\mmt9\40209\13868255\13868255_D.png,D:\BITS\3rd Year\Study Project\Space Debris Characterization\MMT-9 Fetch Data\data\mmt9\40209\13868255\13868255_F.png,D:\BITS\3rd Year\Study Project\Space Debris Characterization\MMT-9 Fetch Data\data\mmt9\40209\13868255\13868255_L.png,D:\BITS\3rd Year\Study Project\Space Debris Characterization\MMT-9 Fetch Data\data\mmt9\40209\13868255\13868255_M.png,D:\BITS\3rd Year\Study Project\Space Debris Characterization\MMT-9 Fetch Data\data\mmt9\40209\13868255\13868255_P.png,D:\BITS\3rd Year\Study Project\Space Debris Characterization\MMT-9 Fetch Data\data\mmt9\40209\13868255\13868255_R.png
40209,14535987,D:\BITS\3rd Year\Study Project\Space Debris Characterization\MMT-9 Fetch Data\data\mmt9\40209\14535987\14535987_D.png,D:\BITS\3rd Year\Study Project\Space Debris Characterization\MMT-9 Fetch Data\data\mmt9\40209\14535987\14535987_F.png,D:\BITS\3rd Year\Study Project\Space Debris Characterization\MMT-9 Fetch Data\data\mmt9\40209\14535987\14535987_L.png,D:\BITS\3rd Year\Study Project\Space Debris Characterization\MMT-9 Fetch Data\data\mmt9\40209\14535987\14535987_M.png,D:\BITS\3rd Year\Study Project\Space Debris Characterization\MMT-9 Fetch Data\data\mmt9\40209\14535987\14535987_P.png,D:\BITS\3rd Year\Study Project\Space Debris Characterization\MMT-9 Fetch Data\data\mmt9\40209\14535987\14535987_R.png
40209,15451205,D:\BITS\3rd Year\Study Project\Space Debris Characterization\MMT-9 Fetch Data\data\mmt9\40209\15451205\15451205_D.png,D:\BITS\3rd Year\Study Project\Space Debris Characterization\MMT-9 Fetch Data\data\mmt9\40209\15451205\15451205_F.png,D:\BITS\3rd Year\Study Project\Space Debris Characterization\MMT-9 Fetch Data\data\mmt9\40209\15451205\15451205_L.png,D:\BITS\3rd Year\Study Project\Space Debris Characterization\MMT-9 Fetch Data\data\mmt9\40209\15451205\15451205_M.png,D:\BITS\3rd Year\Study Project\Space Debris Characterization\MMT-9 Fetch Data\data\mmt9\40209\15451205\15451205_P.png,D:\BITS\3rd Year\Study Project\Space Debris Characterization\MMT-9 Fetch Data\data\mmt9\40209\15451205\15451205_R.png
40209,17055314,D:\BITS\3rd Year\Study Project\Space Debris Characterization\MMT-9 Fetch Data\data\mmt9\40209\17055314\17055314_D.png,D:\BITS\3rd Year\Study Project\Space Debris Characterization\MMT-9 Fetch Data\data\mmt9\40209\17055314\17055314_F.png,D:\BITS\3rd Year\Study Project\Space Debris Characterization\MMT-9 Fetch Data\data\mmt9\40209\17055314\17055314_L.png,D:\BITS\3rd Year\Study Project\Space Debris Characterization\MMT-9 Fetch Data\data\mmt9\40209\17055314\17055314_M.png,D:\BITS\3rd Year\Study Project\Space Debris Characterization\MMT-9 Fetch Data\data\mmt9\40209\17055314\17055314_P.png,D:\BITS\3rd Year\Study Project\Space Debris Characterization\MMT-9 Fetch Data\data\mmt9\40209\17055314\17055314_R.png
40209,25396882,D:\BITS\3rd Year\Study Project\Space Debris Characterization\MMT-9 Fetch Data\data\mmt9\40209\25396882\25396882_D.png,D:\BITS\3rd Year\Study Project\Space Debris Characterization\MMT-9 Fetch Data\data\mmt9\40209\25396882\25396882_F.png,D:\BITS\3rd Year\Study Project\Space Debris Characterization\MMT-9 Fetch Data\data\mmt9\40209\25396882\25396882_L.png,D:\BITS\3rd Year\Study Project\Space Debris Characterization\MMT-9 Fetch Data\data\mmt9\40209\25396882\25396882_M.png,D:\BITS\3rd Year\Study Project\Space Debris Characterization\MMT-9 Fetch Data\data\mmt9\40209\25396882\25396882_P.png,D:\BITS\3rd Year\Study Project\Space Debris Characterization\MMT-9 Fetch Data\data\mmt9\40209\25396882\25396882_R.png
40209,28535363,D:\BITS\3rd Year\Study Project\Space Debris Characterization\MMT-9 Fetch Data\data\mmt9\40209\28535363\28535363_D.png,D:\BITS\3rd Year\Study Project\Space Debris Characterization\MMT-9 Fetch Data\data\mmt9\40209\28535363\28535363_F.png,D:\BITS\3rd Year\Study Project\Space Debris Characterization\MMT-9 Fetch Data\data\mmt9\40209\28535363\28535363_L.png,D:\BITS\3rd Year\Study Project\Space Debris Characterization\MMT-9 Fetch Data\data\mmt9\40209\28535363\28535363_M.png,D:\BITS\3rd Year\Study Project\Space Debris Characterization\MMT-9 Fetch Data\data\mmt9\40209\28535363\28535363_P.png,D:\BITS\3rd Year\Study Project\Space Debris Characterization\MMT-9 Fetch Data\data\mmt9\40209\28535363\28535363_R.png
40209,29224515,D:\BITS\3rd Year\Study Project\Space Debris Characterization\MMT-9 Fetch Data\data\mmt9\40209\29224515\29224515_D.png,D:\BITS\3rd Year\Study Project\Space Debris Characterization\MMT-9 Fetch Data\data\mmt9\40209\29224515\29224515_F.png,D:\BITS\3rd Year\Study Project\Space Debris Characterization\MMT-9 Fetch Data\data\mmt9\40209\29224515\29224515_L.png,D:\BITS\3rd Year\Study Project\Space Debris Characterization\MMT-9 Fetch Data\data\mmt9\40209\29224515\29224515_M.png,D:\BITS\3rd Year\Study Project\Space Debris Characterization\MMT-9 Fetch Data\data\mmt9\40209\29224515\29224515_P.png,D:\BITS\3rd Year\Study Project\Space Debris Characterization\MMT-9 Fetch Data\data\mmt9\40209\29224515\29224515_R.png
40209,32590624,D:\BITS\3rd Year\Study Project\Space Debris Characterization\MMT-9 Fetch Data\data\mmt9\40209\32590624\32590624_D.png,D:\BITS\3rd Year\Study Project\Space Debris Characterization\MMT-9 Fetch Data\data\mmt9\40209\32590624\32590624_F.png,D:\BITS\3rd Year\Study Project\Space Debris Characterization\MMT-9 Fetch Data\data\mmt9\40209\32590624\32590624_L.png,D:\BITS\3rd Year\Study Project\Space Debris Characterization\MMT-9 Fetch Data\data\mmt9\40209\32590624\32590624_M.png,D:\BITS\3rd Year\Study Project\Space Debris Characterization\MMT-9 Fetch Data\data\mmt9\40209\32590624\32590624_P.png,D:\BITS\3rd Year\Study Project\Space Debris Characterization\MMT-9 Fetch Data\data\mmt9\40209\32590624\32590624_R.png
40273,12064660,D:\BITS\3rd Year\Study Project\Space Debris Characterization\MMT-9 Fetch Data\data\mmt9\40273\12064660\12064660_D.png,D:\BITS\3rd Year\Study Project\Space Debris Characterization\MMT-9 Fetch Data\data\mmt9\40273\12064660\12064660_F.png,D:\BITS\3rd Year\Study Project\Space Debris Characterization\MMT-9 Fetch Data\data\mmt9\40273\12064660\12064660_L.png,D:\BITS\3rd Year\Study Project\Space Debris Characterization\MMT-9 Fetch Data\data\mmt9\40273\12064660\12064660_M.png,D:\BITS\3rd Year\Study Project\Space Debris Characterization\MMT-9 Fetch Data\data\mmt9\40273\12064660\12064660_P.png,D:\BITS\3rd Year\Study Project\Space Debris Characterization\MMT-9 Fetch Data\data\mmt9\40273\12064660\12064660_R.png
40273,12198026,D:\BITS\3rd Year\Study Project\Space Debris Characterization\MMT-9 Fetch Data\data\mmt9\40273\12198026\12198026_D.png,D:\BITS\3rd Year\Study Project\Space Debris Characterization\MMT-9 Fetch Data\data\mmt9\40273\12198026\12198026_F.png,D:\BITS\3rd Year\Study Project\Space Debris Characterization\MMT-9 Fetch Data\data\mmt9\40273\12198026\12198026_L.png,D:\BITS\3rd Year\Study Project\Space Debris Characterization\MMT-9 Fetch Data\data\mmt9\40273\12198026\12198026_M.png,D:\BITS\3rd Year\Study Project\Space Debris Characterization\MMT-9 Fetch Data\data\mmt9\40273\12198026\12198026_P.png,D:\BITS\3rd Year\Study Project\Space Debris Characterization\MMT-9 Fetch Data\data\mmt9\40273\12198026\12198026_R.png
40273,12355717,D:\BITS\3rd Year\Study Project\Space Debris Characterization\MMT-9 Fetch Data\data\mmt9\40273\12355717\12355717_D.png,D:\BITS\3rd Year\Study Project\Space Debris Characterization\MMT-9 Fetch Data\data\mmt9\40273\12355717\12355717_F.png,D:\BITS\3rd Year\Study Project\Space Debris Characterization\MMT-9 Fetch Data\data\mmt9\40273\12355717\12355717_L.png,D:\BITS\3rd Year\Study Project\Space Debris Characterization\MMT-9 Fetch Data\data\mmt9\40273\12355717\12355717_M.png,D:\BITS\3rd Year\Study Project\Space Debris Characterization\MMT-9 Fetch Data\data\mmt9\40273\12355717\12355717_P.png,D:\BITS\3rd Year\Study Project\Space Debris Characterization\MMT-9 Fetch Data\data\mmt9\40273\12355717\12355717_R.png
40273,13422087,D:\BITS\3rd Year\Study Project\Space Debris Characterization\MMT-9 Fetch Data\data\mmt9\40273\13422087\13422087_D.png,D:\BITS\3rd Year\Study Project\Space Debris Characterization\MMT-9 Fetch Data\data\mmt9\40273\13422087\13422087_F.png,D:\BITS\3rd Year\Study Project\Space Debris Characterization\MMT-9 Fetch Data\data\mmt9\40273\13422087\13422087_L.png,D:\BITS\3rd Year\Study Project\Space Debris Characterization\MMT-9 Fetch Data\data\mmt9\40273\13422087\13422087_M.png,D:\BITS\3rd Year\Study Project\Space Debris Characterization\MMT-9 Fetch Data\data\mmt9\40273\13422087\13422087_P.png,D:\BITS\3rd Year\Study Project\Space Debris Characterization\MMT-9 Fetch Data\data\mmt9\40273\13422087\13422087_R.png
40273,18250094,D:\BITS\3rd Year\Study Project\Space Debris Characterization\MMT-9 Fetch Data\data\mmt9\40273\18250094\18250094_D.png,D:\BITS\3rd Year\Study Project\Space Debris Characterization\MMT-9 Fetch Data\data\mmt9\40273\18250094\18250094_F.png,D:\BITS\3rd Year\Study Project\Space Debris Characterization\MMT-9 Fetch Data\data\mmt9\40273\18250094\18250094_L.png,D:\BITS\3rd Year\Study Project\Space Debris Characterization\MMT-9 Fetch Data\data\mmt9\40273\18250094\18250094_M.png,D:\BITS\3rd Year\Study Project\Space Debris Characterization\MMT-9 Fetch Data\data\mmt9\40273\18250094\18250094_P.png,D:\BITS\3rd Year\Study Project\Space Debris Characterization\MMT-9 Fetch Data\data\mmt9\40273\18250094\18250094_R.png
40273,18359285,D:\BITS\3rd Year\Study Project\Space Debris Characterization\MMT-9 Fetch Data\data\mmt9\40273\18359285\18359285_D.png,D:\BITS\3rd Year\Study Project\Space Debris Characterization\MMT-9 Fetch Data\data\mmt9\40273\18359285\18359285_F.png,D:\BITS\3rd Year\Study Project\Space Debris Characterization\MMT-9 Fetch Data\data\mmt9\40273\18359285\18359285_L.png,D:\BITS\3rd Year\Study Project\Space Debris Characterization\MMT-9 Fetch Data\data\mmt9\40273\18359285\18359285_M.png,D:\BITS\3rd Year\Study Project\Space Debris Characterization\MMT-9 Fetch Data\data\mmt9\40273\18359285\18359285_P.png,D:\BITS\3rd Year\Study Project\Space Debris Characterization\MMT-9 Fetch Data\data\mmt9\40273\18359285\18359285_R.png
40273,18631415,D:\BITS\3rd Year\Study Project\Space Debris Characterization\MMT-9 Fetch Data\data\mmt9\40273\18631415\18631415_D.png,D:\BITS\3rd Year\Study Project\Space Debris Characterization\MMT-9 Fetch Data\data\mmt9\40273\18631415\18631415_F.png,D:\BITS\3rd Year\Study Project\Space Debris Characterization\MMT-9 Fetch Data\data\mmt9\40273\18631415\18631415_L.png,D:\BITS\3rd Year\Study Project\Space Debris Characterization\MMT-9 Fetch Data\data\mmt9\40273\18631415\18631415_M.png,D:\BITS\3rd Year\Study Project\Space Debris Characterization\MMT-9 Fetch Data\data\mmt9\40273\18631415\18631415_P.png,D:\BITS\3rd Year\Study Project\Space Debris Characterization\MMT-9 Fetch Data\data\mmt9\40273\18631415\18631415_R.png
40273,18837566,D:\BITS\3rd Year\Study Project\Space Debris Characterization\MMT-9 Fetch Data\data\mmt9\40273\18837566\18837566_D.png,D:\BITS\3rd Year\Study Project\Space Debris Characterization\MMT-9 Fetch Data\data\mmt9\40273\18837566\18837566_F.png,D:\BITS\3rd Year\Study Project\Space Debris Characterization\MMT-9 Fetch Data\data\mmt9\40273\18837566\18837566_L.png,D:\BITS\3rd Year\Study Project\Space Debris Characterization\MMT-9 Fetch Data\data\mmt9\40273\18837566\18837566_M.png,D:\BITS\3rd Year\Study Project\Space Debris Characterization\MMT-9 Fetch Data\data\mmt9\40273\18837566\18837566_P.png,D:\BITS\3rd Year\Study Project\Space Debris Characterization\MMT-9 Fetch Data\data\mmt9\40273\18837566\18837566_R.png
40273,18838034,D:\BITS\3rd Year\Study Project\Space Debris Characterization\MMT-9 Fetch Data\data\mmt9\40273\18838034\18838034_D.png,D:\BITS\3rd Year\Study Project\Space Debris Characterization\MMT-9 Fetch Data\data\mmt9\40273\18838034\18838034_F.png,D:\BITS\3rd Year\Study Project\Space Debris Characterization\MMT-9 Fetch Data\data\mmt9\40273\18838034\18838034_L.png,D:\BITS\3rd Year\Study Project\Space Debris Characterization\MMT-9 Fetch Data\data\mmt9\40273\18838034\18838034_M.png,D:\BITS\3rd Year\Study Project\Space Debris Characterization\MMT-9 Fetch Data\data\mmt9\40273\18838034\18838034_P.png,D:\BITS\3rd Year\Study Project\Space Debris Characterization\MMT-9 Fetch Data\data\mmt9\40273\18838034\18838034_R.png
40273,20120404,D:\BITS\3rd Year\Study Project\Space Debris Characterization\MMT-9 Fetch Data\data\mmt9\40273\20120404\20120404_D.png,D:\BITS\3rd Year\Study Project\Space Debris Characterization\MMT-9 Fetch Data\data\mmt9\40273\20120404\20120404_F.png,D:\BITS\3rd Year\Study Project\Space Debris Characterization\MMT-9 Fetch Data\data\mmt9\40273\20120404\20120404_L.png,D:\BITS\3rd Year\Study Project\Space Debris Characterization\MMT-9 Fetch Data\data\mmt9\40273\20120404\20120404_M.png,D:\BITS\3rd Year\Study Project\Space Debris Characterization\MMT-9 Fetch Data\data\mmt9\40273\20120404\20120404_P.png,D:\BITS\3rd Year\Study Project\Space Debris Characterization\MMT-9 Fetch Data\data\mmt9\40273\20120404\20120404_R.png
40273,22046514,D:\BITS\3rd Year\Study Project\Space Debris Characterization\MMT-9 Fetch Data\data\mmt9\40273\22046514\22046514_D.png,D:\BITS\3rd Year\Study Project\Space Debris Characterization\MMT-9 Fetch Data\data\mmt9\40273\22046514\22046514_F.png,D:\BITS\3rd Year\Study Project\Space Debris Characterization\MMT-9 Fetch Data\data\mmt9\40273\22046514\22046514_L.png,D:\BITS\3rd Year\Study Project\Space Debris Characterization\MMT-9 Fetch Data\data\mmt9\40273\22046514\22046514_M.png,D:\BITS\3rd Year\Study Project\Space Debris Characterization\MMT-9 Fetch Data\data\mmt9\40273\22046514\22046514_P.png,D:\BITS\3rd Year\Study Project\Space Debris Characterization\MMT-9 Fetch Data\data\mmt9\40273\22046514\22046514_R.png
40273,22467674,D:\BITS\3rd Year\Study Project\Space Debris Characterization\MMT-9 Fetch Data\data\mmt9\40273\22467674\22467674_D.png,D:\BITS\3rd Year\Study Project\Space Debris Characterization\MMT-9 Fetch Data\data\mmt9\40273\22467674\22467674_F.png,D:\BITS\3rd Year\Study Project\Space Debris Characterization\MMT-9 Fetch Data\data\mmt9\40273\22467674\22467674_L.png,D:\BITS\3rd Year\Study Project\Space Debris Characterization\MMT-9 Fetch Data\data\mmt9\40273\22467674\22467674_M.png,D:\BITS\3rd Year\Study Project\Space Debris Characterization\MMT-9 Fetch Data\data\mmt9\40273\22467674\22467674_P.png,D:\BITS\3rd Year\Study Project\Space Debris Characterization\MMT-9 Fetch Data\data\mmt9\40273\22467674\22467674_R.png
40273,30635676,D:\BITS\3rd Year\Study Project\Space Debris Characterization\MMT-9 Fetch Data\data\mmt9\40273\30635676\30635676_D.png,D:\BITS\3rd Year\Study Project\Space Debris Characterization\MMT-9 Fetch Data\data\mmt9\40273\30635676\30635676_F.png,D:\BITS\3rd Year\Study Project\Space Debris Characterization\MMT-9 Fetch Data\data\mmt9\40273\30635676\30635676_L.png,D:\BITS\3rd Year\Study Project\Space Debris Characterization\MMT-9 Fetch Data\data\mmt9\40273\30635676\30635676_M.png,D:\BITS\3rd Year\Study Project\Space Debris Characterization\MMT-9 Fetch Data\data\mmt9\40273\30635676\30635676_P.png,D:\BITS\3rd Year\Study Project\Space Debris Characterization\MMT-9 Fetch Data\data\mmt9\40273\30635676\30635676_R.png
40273,33934752,D:\BITS\3rd Year\Study Project\Space Debris Characterization\MMT-9 Fetch Data\data\mmt9\40273\33934752\33934752_D.png,D:\BITS\3rd Year\Study Project\Space Debris Characterization\MMT-9 Fetch Data\data\mmt9\40273\33934752\33934752_F.png,D:\BITS\3rd Year\Study Project\Space Debris Characterization\MMT-9 Fetch Data\data\mmt9\40273\33934752\33934752_L.png,D:\BITS\3rd Year\Study Project\Space Debris Characterization\MMT-9 Fetch Data\data\mmt9\40273\33934752\33934752_M.png,D:\BITS\3rd Year\Study Project\Space Debris Characterization\MMT-9 Fetch Data\data\mmt9\40273\33934752\33934752_P.png,D:\BITS\3rd Year\Study Project\Space Debris Characterization\MMT-9 Fetch Data\data\mmt9\40273\33934752\33934752_R.png
40273,34295071,D:\BITS\3rd Year\Study Project\Space Debris Characterization\MMT-9 Fetch Data\data\mmt9\40273\34295071\34295071_D.png,D:\BITS\3rd Year\Study Project\Space Debris Characterization\MMT-9 Fetch Data\data\mmt9\40273\34295071\34295071_F.png,D:\BITS\3rd Year\Study Project\Space Debris Characterization\MMT-9 Fetch Data\data\mmt9\40273\34295071\34295071_L.png,D:\BITS\3rd Year\Study Project\Space Debris Characterization\MMT-9 Fetch Data\data\mmt9\40273\34295071\34295071_M.png,D:\BITS\3rd Year\Study Project\Space Debris Characterization\MMT-9 Fetch Data\data\mmt9\40273\34295071\34295071_P.png,D:\BITS\3rd Year\Study Project\Space Debris Characterization\MMT-9 Fetch Data\data\mmt9\40273\34295071\34295071_R.png
59344,30093088,D:\BITS\3rd Year\Study Project\Space Debris Characterization\MMT-9 Fetch Data\data\mmt9\59344\30093088\30093088_D.png,D:\BITS\3rd Year\Study Project\Space Debris Characterization\MMT-9 Fetch Data\data\mmt9\59344\30093088\30093088_F.png,D:\BITS\3rd Year\Study Project\Space Debris Characterization\MMT-9 Fetch Data\data\mmt9\59344\30093088\30093088_L.png,D:\BITS\3rd Year\Study Project\Space Debris Characterization\MMT-9 Fetch Data\data\mmt9\59344\30093088\30093088_M.png,D:\BITS\3rd Year\Study Project\Space Debris Characterization\MMT-9 Fetch Data\data\mmt9\59344\30093088\30093088_P.png,D:\BITS\3rd Year\Study Project\Space Debris Characterization\MMT-9 Fetch Data\data\mmt9\59344\30093088\30093088_R.png
59344,30260449,D:\BITS\3rd Year\Study Project\Space Debris Characterization\MMT-9 Fetch Data\data\mmt9\59344\30260449\30260449_D.png,D:\BITS\3rd Year\Study Project\Space Debris Characterization\MMT-9 Fetch Data\data\mmt9\59344\30260449\30260449_F.png,D:\BITS\3rd Year\Study Project\Space Debris Characterization\MMT-9 Fetch Data\data\mmt9\59344\30260449\30260449_L.png,D:\BITS\3rd Year\Study Project\Space Debris Characterization\MMT-9 Fetch Data\data\mmt9\59344\30260449\30260449_M.png,D:\BITS\3rd Year\Study Project\Space Debris Characterization\MMT-9 Fetch Data\data\mmt9\59344\30260449\30260449_P.png,D:\BITS\3rd Year\Study Project\Space Debris Characterization\MMT-9 Fetch Data\data\mmt9\59344\30260449\30260449_R.png
59344,30289237,D:\BITS\3rd Year\Study Project\Space Debris Characterization\MMT-9 Fetch Data\data\mmt9\59344\30289237\30289237_D.png,D:\BITS\3rd Year\Study Project\Space Debris Characterization\MMT-9 Fetch Data\data\mmt9\59344\30289237\30289237_F.png,D:\BITS\3rd Year\Study Project\Space Debris Characterization\MMT-9 Fetch Data\data\mmt9\59344\30289237\30289237_L.png,D:\BITS\3rd Year\Study Project\Space Debris Characterization\MMT-9 Fetch Data\data\mmt9\59344\30289237\30289237_M.png,D:\BITS\3rd Year\Study Project\Space Debris Characterization\MMT-9 Fetch Data\data\mmt9\59344\30289237\30289237_P.png,D:\BITS\3rd Year\Study Project\Space Debris Characterization\MMT-9 Fetch Data\data\mmt9\59344\30289237\30289237_R.png
59344,30468632,D:\BITS\3rd Year\Study Project\Space Debris Characterization\MMT-9 Fetch Data\data\mmt9\59344\30468632\30468632_D.png,D:\BITS\3rd Year\Study Project\Space Debris Characterization\MMT-9 Fetch Data\data\mmt9\59344\30468632\30468632_F.png,D:\BITS\3rd Year\Study Project\Space Debris Characterization\MMT-9 Fetch Data\data\mmt9\59344\30468632\30468632_L.png,D:\BITS\3rd Year\Study Project\Space Debris Characterization\MMT-9 Fetch Data\data\mmt9\59344\30468632\30468632_M.png,D:\BITS\3rd Year\Study Project\Space Debris Characterization\MMT-9 Fetch Data\data\mmt9\59344\30468632\30468632_P.png,D:\BITS\3rd Year\Study Project\Space Debris Characterization\MMT-9 Fetch Data\data\mmt9\59344\30468632\30468632_R.png
